English,Braille
How do you read this?,⠓⠕⠺ ⠙⠕ ⠽⠕⠥ ⠗⠑⠁⠙ ⠞⠓⠊⠎⠦
Braille is a tactile writing system.,⠃⠗⠁⠊⠇⠇⠑ ⠊⠎ ⠁ ⠞⠁⠉⠞⠊⠇⠑ ⠺⠗⠊⠞⠊⠝⠛ ⠎⠽⠎⠞⠑⠍⠲
How do you read this?,⠓⠕⠺ ⠙⠕ ⠽⠕⠥ ⠗⠑⠁⠙ ⠞⠓⠊⠎⠦
Braille is a tactile writing system.,⠃⠗⠁⠊⠇⠇⠑ ⠊⠎ ⠁ ⠞⠁⠉⠞⠊⠇⠑ ⠺⠗⠊⠞⠊⠝⠛ ⠎⠽⠎⠞⠑⠍⠲
Braille is a tactile writing system.,⠃⠗⠁⠊⠇⠇⠑ ⠊⠎ ⠁ ⠞⠁⠉⠞⠊⠇⠑ ⠺⠗⠊⠞⠊⠝⠛ ⠎⠽⠎⠞⠑⠍⠲
This dataset is synthetic.,⠞⠓⠊⠎ ⠙⠁⠞⠁⠎⠑⠞ ⠊⠎ ⠎⠽⠝⠞⠓⠑⠞⠊⠉⠲
This dataset is synthetic.,⠞⠓⠊⠎ ⠙⠁⠞⠁⠎⠑⠞ ⠊⠎ ⠎⠽⠝⠞⠓⠑⠞⠊⠉⠲
Python is fun.,⠏⠽⠞⠓⠕⠝ ⠊⠎ ⠋⠥⠝⠲
This dataset is synthetic.,⠞⠓⠊⠎ ⠙⠁⠞⠁⠎⠑⠞ ⠊⠎ ⠎⠽⠝⠞⠓⠑⠞⠊⠉⠲
Python is fun.,⠏⠽⠞⠓⠕⠝ ⠊⠎ ⠋⠥⠝⠲
Accessibility matters.,⠁⠉⠉⠑⠎⠎⠊⠃⠊⠇⠊⠞⠽ ⠍⠁⠞⠞⠑⠗⠎⠲
Hello world.,⠓⠑⠇⠇⠕ ⠺⠕⠗⠇⠙⠲
Hello world.,⠓⠑⠇⠇⠕ ⠺⠕⠗⠇⠙⠲
I like programming.,⠊ ⠇⠊⠅⠑ ⠏⠗⠕⠛⠗⠁⠍⠍⠊⠝⠛⠲
Hello world.,⠓⠑⠇⠇⠕ ⠺⠕⠗⠇⠙⠲
This is a test sentence.,⠞⠓⠊⠎ ⠊⠎ ⠁ ⠞⠑⠎⠞ ⠎⠑⠝⠞⠑⠝⠉⠑⠲
Accessibility matters.,⠁⠉⠉⠑⠎⠎⠊⠃⠊⠇⠊⠞⠽ ⠍⠁⠞⠞⠑⠗⠎⠲
This dataset is synthetic.,⠞⠓⠊⠎ ⠙⠁⠞⠁⠎⠑⠞ ⠊⠎ ⠎⠽⠝⠞⠓⠑⠞⠊⠉⠲
Python is fun.,⠏⠽⠞⠓⠕⠝ ⠊⠎ ⠋⠥⠝⠲
How do you read this?,⠓⠕⠺ ⠙⠕ ⠽⠕⠥ ⠗⠑⠁⠙ ⠞⠓⠊⠎⠦
How do you read this?,⠓⠕⠺ ⠙⠕ ⠽⠕⠥ ⠗⠑⠁⠙ ⠞⠓⠊⠎⠦
I like programming.,⠊ ⠇⠊⠅⠑ ⠏⠗⠕⠛⠗⠁⠍⠍⠊⠝⠛⠲
Hello world.,⠓⠑⠇⠇⠕ ⠺⠕⠗⠇⠙⠲
Accessibility matters.,⠁⠉⠉⠑⠎⠎⠊⠃⠊⠇⠊⠞⠽ ⠍⠁⠞⠞⠑⠗⠎⠲
Braille is a tactile writing system.,⠃⠗⠁⠊⠇⠇⠑ ⠊⠎ ⠁ ⠞⠁⠉⠞⠊⠇⠑ ⠺⠗⠊⠞⠊⠝⠛ ⠎⠽⠎⠞⠑⠍⠲
This is a test sentence.,⠞⠓⠊⠎ ⠊⠎ ⠁ ⠞⠑⠎⠞ ⠎⠑⠝⠞⠑⠝⠉⠑⠲
This dataset is synthetic.,⠞⠓⠊⠎ ⠙⠁⠞⠁⠎⠑⠞ ⠊⠎ ⠎⠽⠝⠞⠓⠑⠞⠊⠉⠲
Hello world.,⠓⠑⠇⠇⠕ ⠺⠕⠗⠇⠙⠲
Can you understand this text?,⠉⠁⠝ ⠽⠕⠥ ⠥⠝⠙⠑⠗⠎⠞⠁⠝⠙ ⠞⠓⠊⠎ ⠞⠑⠭⠞⠦
Accessibility matters.,⠁⠉⠉⠑⠎⠎⠊⠃⠊⠇⠊⠞⠽ ⠍⠁⠞⠞⠑⠗⠎⠲
Can you understand this text?,⠉⠁⠝ ⠽⠕⠥ ⠥⠝⠙⠑⠗⠎⠞⠁⠝⠙ ⠞⠓⠊⠎ ⠞⠑⠭⠞⠦
Braille is a tactile writing system.,⠃⠗⠁⠊⠇⠇⠑ ⠊⠎ ⠁ ⠞⠁⠉⠞⠊⠇⠑ ⠺⠗⠊⠞⠊⠝⠛ ⠎⠽⠎⠞⠑⠍⠲
I like programming.,⠊ ⠇⠊⠅⠑ ⠏⠗⠕⠛⠗⠁⠍⠍⠊⠝⠛⠲
Python is fun.,⠏⠽⠞⠓⠕⠝ ⠊⠎ ⠋⠥⠝⠲
How do you read this?,⠓⠕⠺ ⠙⠕ ⠽⠕⠥ ⠗⠑⠁⠙ ⠞⠓⠊⠎⠦
Machine learning is fascinating.,⠍⠁⠉⠓⠊⠝⠑ ⠇⠑⠁⠗⠝⠊⠝⠛ ⠊⠎ ⠋⠁⠎⠉⠊⠝⠁⠞⠊⠝⠛⠲
This is a test sentence.,⠞⠓⠊⠎ ⠊⠎ ⠁ ⠞⠑⠎⠞ ⠎⠑⠝⠞⠑⠝⠉⠑⠲
Python is fun.,⠏⠽⠞⠓⠕⠝ ⠊⠎ ⠋⠥⠝⠲
Hello world.,⠓⠑⠇⠇⠕ ⠺⠕⠗⠇⠙⠲
Hello world.,⠓⠑⠇⠇⠕ ⠺⠕⠗⠇⠙⠲
I like programming.,⠊ ⠇⠊⠅⠑ ⠏⠗⠕⠛⠗⠁⠍⠍⠊⠝⠛⠲
Python is fun.,⠏⠽⠞⠓⠕⠝ ⠊⠎ ⠋⠥⠝⠲
I like programming.,⠊ ⠇⠊⠅⠑ ⠏⠗⠕⠛⠗⠁⠍⠍⠊⠝⠛⠲
Can you understand this text?,⠉⠁⠝ ⠽⠕⠥ ⠥⠝⠙⠑⠗⠎⠞⠁⠝⠙ ⠞⠓⠊⠎ ⠞⠑⠭⠞⠦
This is a test sentence.,⠞⠓⠊⠎ ⠊⠎ ⠁ ⠞⠑⠎⠞ ⠎⠑⠝⠞⠑⠝⠉⠑⠲
Braille is a tactile writing system.,⠃⠗⠁⠊⠇⠇⠑ ⠊⠎ ⠁ ⠞⠁⠉⠞⠊⠇⠑ ⠺⠗⠊⠞⠊⠝⠛ ⠎⠽⠎⠞⠑⠍⠲
Can you understand this text?,⠉⠁⠝ ⠽⠕⠥ ⠥⠝⠙⠑⠗⠎⠞⠁⠝⠙ ⠞⠓⠊⠎ ⠞⠑⠭⠞⠦
Machine learning is fascinating.,⠍⠁⠉⠓⠊⠝⠑ ⠇⠑⠁⠗⠝⠊⠝⠛ ⠊⠎ ⠋⠁⠎⠉⠊⠝⠁⠞⠊⠝⠛⠲
This dataset is synthetic.,⠞⠓⠊⠎ ⠙⠁⠞⠁⠎⠑⠞ ⠊⠎ ⠎⠽⠝⠞⠓⠑⠞⠊⠉⠲
How do you read this?,⠓⠕⠺ ⠙⠕ ⠽⠕⠥ ⠗⠑⠁⠙ ⠞⠓⠊⠎⠦
Python is fun.,⠏⠽⠞⠓⠕⠝ ⠊⠎ ⠋⠥⠝⠲
This is a test sentence.,⠞⠓⠊⠎ ⠊⠎ ⠁ ⠞⠑⠎⠞ ⠎⠑⠝⠞⠑⠝⠉⠑⠲
How do you read this?,⠓⠕⠺ ⠙⠕ ⠽⠕⠥ ⠗⠑⠁⠙ ⠞⠓⠊⠎⠦
I like programming.,⠊ ⠇⠊⠅⠑ ⠏⠗⠕⠛⠗⠁⠍⠍⠊⠝⠛⠲
Can you understand this text?,⠉⠁⠝ ⠽⠕⠥ ⠥⠝⠙⠑⠗⠎⠞⠁⠝⠙ ⠞⠓⠊⠎ ⠞⠑⠭⠞⠦
How do you read this?,⠓⠕⠺ ⠙⠕ ⠽⠕⠥ ⠗⠑⠁⠙ ⠞⠓⠊⠎⠦
I like programming.,⠊ ⠇⠊⠅⠑ ⠏⠗⠕⠛⠗⠁⠍⠍⠊⠝⠛⠲
I like programming.,⠊ ⠇⠊⠅⠑ ⠏⠗⠕⠛⠗⠁⠍⠍⠊⠝⠛⠲
Accessibility matters.,⠁⠉⠉⠑⠎⠎⠊⠃⠊⠇⠊⠞⠽ ⠍⠁⠞⠞⠑⠗⠎⠲
Hello world.,⠓⠑⠇⠇⠕ ⠺⠕⠗⠇⠙⠲
I like programming.,⠊ ⠇⠊⠅⠑ ⠏⠗⠕⠛⠗⠁⠍⠍⠊⠝⠛⠲
This dataset is synthetic.,⠞⠓⠊⠎ ⠙⠁⠞⠁⠎⠑⠞ ⠊⠎ ⠎⠽⠝⠞⠓⠑⠞⠊⠉⠲
How do you read this?,⠓⠕⠺ ⠙⠕ ⠽⠕⠥ ⠗⠑⠁⠙ ⠞⠓⠊⠎⠦
Machine learning is fascinating.,⠍⠁⠉⠓⠊⠝⠑ ⠇⠑⠁⠗⠝⠊⠝⠛ ⠊⠎ ⠋⠁⠎⠉⠊⠝⠁⠞⠊⠝⠛⠲
Can you understand this text?,⠉⠁⠝ ⠽⠕⠥ ⠥⠝⠙⠑⠗⠎⠞⠁⠝⠙ ⠞⠓⠊⠎ ⠞⠑⠭⠞⠦
Accessibility matters.,⠁⠉⠉⠑⠎⠎⠊⠃⠊⠇⠊⠞⠽ ⠍⠁⠞⠞⠑⠗⠎⠲
How do you read this?,⠓⠕⠺ ⠙⠕ ⠽⠕⠥ ⠗⠑⠁⠙ ⠞⠓⠊⠎⠦
Python is fun.,⠏⠽⠞⠓⠕⠝ ⠊⠎ ⠋⠥⠝⠲
Machine learning is fascinating.,⠍⠁⠉⠓⠊⠝⠑ ⠇⠑⠁⠗⠝⠊⠝⠛ ⠊⠎ ⠋⠁⠎⠉⠊⠝⠁⠞⠊⠝⠛⠲
This dataset is synthetic.,⠞⠓⠊⠎ ⠙⠁⠞⠁⠎⠑⠞ ⠊⠎ ⠎⠽⠝⠞⠓⠑⠞⠊⠉⠲
How do you read this?,⠓⠕⠺ ⠙⠕ ⠽⠕⠥ ⠗⠑⠁⠙ ⠞⠓⠊⠎⠦
Hello world.,⠓⠑⠇⠇⠕ ⠺⠕⠗⠇⠙⠲
Can you understand this text?,⠉⠁⠝ ⠽⠕⠥ ⠥⠝⠙⠑⠗⠎⠞⠁⠝⠙ ⠞⠓⠊⠎ ⠞⠑⠭⠞⠦
Python is fun.,⠏⠽⠞⠓⠕⠝ ⠊⠎ ⠋⠥⠝⠲
How do you read this?,⠓⠕⠺ ⠙⠕ ⠽⠕⠥ ⠗⠑⠁⠙ ⠞⠓⠊⠎⠦
Can you understand this text?,⠉⠁⠝ ⠽⠕⠥ ⠥⠝⠙⠑⠗⠎⠞⠁⠝⠙ ⠞⠓⠊⠎ ⠞⠑⠭⠞⠦
This is a test sentence.,⠞⠓⠊⠎ ⠊⠎ ⠁ ⠞⠑⠎⠞ ⠎⠑⠝⠞⠑⠝⠉⠑⠲
This is a test sentence.,⠞⠓⠊⠎ ⠊⠎ ⠁ ⠞⠑⠎⠞ ⠎⠑⠝⠞⠑⠝⠉⠑⠲
Hello world.,⠓⠑⠇⠇⠕ ⠺⠕⠗⠇⠙⠲
Hello world.,⠓⠑⠇⠇⠕ ⠺⠕⠗⠇⠙⠲
Braille is a tactile writing system.,⠃⠗⠁⠊⠇⠇⠑ ⠊⠎ ⠁ ⠞⠁⠉⠞⠊⠇⠑ ⠺⠗⠊⠞⠊⠝⠛ ⠎⠽⠎⠞⠑⠍⠲
I like programming.,⠊ ⠇⠊⠅⠑ ⠏⠗⠕⠛⠗⠁⠍⠍⠊⠝⠛⠲
Machine learning is fascinating.,⠍⠁⠉⠓⠊⠝⠑ ⠇⠑⠁⠗⠝⠊⠝⠛ ⠊⠎ ⠋⠁⠎⠉⠊⠝⠁⠞⠊⠝⠛⠲
Hello world.,⠓⠑⠇⠇⠕ ⠺⠕⠗⠇⠙⠲
Accessibility matters.,⠁⠉⠉⠑⠎⠎⠊⠃⠊⠇⠊⠞⠽ ⠍⠁⠞⠞⠑⠗⠎⠲
I like programming.,⠊ ⠇⠊⠅⠑ ⠏⠗⠕⠛⠗⠁⠍⠍⠊⠝⠛⠲
Machine learning is fascinating.,⠍⠁⠉⠓⠊⠝⠑ ⠇⠑⠁⠗⠝⠊⠝⠛ ⠊⠎ ⠋⠁⠎⠉⠊⠝⠁⠞⠊⠝⠛⠲
This dataset is synthetic.,⠞⠓⠊⠎ ⠙⠁⠞⠁⠎⠑⠞ ⠊⠎ ⠎⠽⠝⠞⠓⠑⠞⠊⠉⠲
This is a test sentence.,⠞⠓⠊⠎ ⠊⠎ ⠁ ⠞⠑⠎⠞ ⠎⠑⠝⠞⠑⠝⠉⠑⠲
Hello world.,⠓⠑⠇⠇⠕ ⠺⠕⠗⠇⠙⠲
Braille is a tactile writing system.,⠃⠗⠁⠊⠇⠇⠑ ⠊⠎ ⠁ ⠞⠁⠉⠞⠊⠇⠑ ⠺⠗⠊⠞⠊⠝⠛ ⠎⠽⠎⠞⠑⠍⠲
Hello world.,⠓⠑⠇⠇⠕ ⠺⠕⠗⠇⠙⠲
This dataset is synthetic.,⠞⠓⠊⠎ ⠙⠁⠞⠁⠎⠑⠞ ⠊⠎ ⠎⠽⠝⠞⠓⠑⠞⠊⠉⠲
How do you read this?,⠓⠕⠺ ⠙⠕ ⠽⠕⠥ ⠗⠑⠁⠙ ⠞⠓⠊⠎⠦
I like programming.,⠊ ⠇⠊⠅⠑ ⠏⠗⠕⠛⠗⠁⠍⠍⠊⠝⠛⠲
How do you read this?,⠓⠕⠺ ⠙⠕ ⠽⠕⠥ ⠗⠑⠁⠙ ⠞⠓⠊⠎⠦
Machine learning is fascinating.,⠍⠁⠉⠓⠊⠝⠑ ⠇⠑⠁⠗⠝⠊⠝⠛ ⠊⠎ ⠋⠁⠎⠉⠊⠝⠁⠞⠊⠝⠛⠲
I like programming.,⠊ ⠇⠊⠅⠑ ⠏⠗⠕⠛⠗⠁⠍⠍⠊⠝⠛⠲
Braille is a tactile writing system.,⠃⠗⠁⠊⠇⠇⠑ ⠊⠎ ⠁ ⠞⠁⠉⠞⠊⠇⠑ ⠺⠗⠊⠞⠊⠝⠛ ⠎⠽⠎⠞⠑⠍⠲
Can you understand this text?,⠉⠁⠝ ⠽⠕⠥ ⠥⠝⠙⠑⠗⠎⠞⠁⠝⠙ ⠞⠓⠊⠎ ⠞⠑⠭⠞⠦
I like programming.,⠊ ⠇⠊⠅⠑ ⠏⠗⠕⠛⠗⠁⠍⠍⠊⠝⠛⠲
Accessibility matters.,⠁⠉⠉⠑⠎⠎⠊⠃⠊⠇⠊⠞⠽ ⠍⠁⠞⠞⠑⠗⠎⠲
Braille is a tactile writing system.,⠃⠗⠁⠊⠇⠇⠑ ⠊⠎ ⠁ ⠞⠁⠉⠞⠊⠇⠑ ⠺⠗⠊⠞⠊⠝⠛ ⠎⠽⠎⠞⠑⠍⠲
Accessibility matters.,⠁⠉⠉⠑⠎⠎⠊⠃⠊⠇⠊⠞⠽ ⠍⠁⠞⠞⠑⠗⠎⠲
Accessibility matters.,⠁⠉⠉⠑⠎⠎⠊⠃⠊⠇⠊⠞⠽ ⠍⠁⠞⠞⠑⠗⠎⠲
Machine learning is fascinating.,⠍⠁⠉⠓⠊⠝⠑ ⠇⠑⠁⠗⠝⠊⠝⠛ ⠊⠎ ⠋⠁⠎⠉⠊⠝⠁⠞⠊⠝⠛⠲
This is a test sentence.,⠞⠓⠊⠎ ⠊⠎ ⠁ ⠞⠑⠎⠞ ⠎⠑⠝⠞⠑⠝⠉⠑⠲
Braille is a tactile writing system.,⠃⠗⠁⠊⠇⠇⠑ ⠊⠎ ⠁ ⠞⠁⠉⠞⠊⠇⠑ ⠺⠗⠊⠞⠊⠝⠛ ⠎⠽⠎⠞⠑⠍⠲
Machine learning is fascinating.,⠍⠁⠉⠓⠊⠝⠑ ⠇⠑⠁⠗⠝⠊⠝⠛ ⠊⠎ ⠋⠁⠎⠉⠊⠝⠁⠞⠊⠝⠛⠲
I like programming.,⠊ ⠇⠊⠅⠑ ⠏⠗⠕⠛⠗⠁⠍⠍⠊⠝⠛⠲
I like programming.,⠊ ⠇⠊⠅⠑ ⠏⠗⠕⠛⠗⠁⠍⠍⠊⠝⠛⠲
Accessibility matters.,⠁⠉⠉⠑⠎⠎⠊⠃⠊⠇⠊⠞⠽ ⠍⠁⠞⠞⠑⠗⠎⠲
Accessibility matters.,⠁⠉⠉⠑⠎⠎⠊⠃⠊⠇⠊⠞⠽ ⠍⠁⠞⠞⠑⠗⠎⠲
This dataset is synthetic.,⠞⠓⠊⠎ ⠙⠁⠞⠁⠎⠑⠞ ⠊⠎ ⠎⠽⠝⠞⠓⠑⠞⠊⠉⠲
Machine learning is fascinating.,⠍⠁⠉⠓⠊⠝⠑ ⠇⠑⠁⠗⠝⠊⠝⠛ ⠊⠎ ⠋⠁⠎⠉⠊⠝⠁⠞⠊⠝⠛⠲
Can you understand this text?,⠉⠁⠝ ⠽⠕⠥ ⠥⠝⠙⠑⠗⠎⠞⠁⠝⠙ ⠞⠓⠊⠎ ⠞⠑⠭⠞⠦
Accessibility matters.,⠁⠉⠉⠑⠎⠎⠊⠃⠊⠇⠊⠞⠽ ⠍⠁⠞⠞⠑⠗⠎⠲
I like programming.,⠊ ⠇⠊⠅⠑ ⠏⠗⠕⠛⠗⠁⠍⠍⠊⠝⠛⠲
Accessibility matters.,⠁⠉⠉⠑⠎⠎⠊⠃⠊⠇⠊⠞⠽ ⠍⠁⠞⠞⠑⠗⠎⠲
Accessibility matters.,⠁⠉⠉⠑⠎⠎⠊⠃⠊⠇⠊⠞⠽ ⠍⠁⠞⠞⠑⠗⠎⠲
Hello world.,⠓⠑⠇⠇⠕ ⠺⠕⠗⠇⠙⠲
This dataset is synthetic.,⠞⠓⠊⠎ ⠙⠁⠞⠁⠎⠑⠞ ⠊⠎ ⠎⠽⠝⠞⠓⠑⠞⠊⠉⠲
Can you understand this text?,⠉⠁⠝ ⠽⠕⠥ ⠥⠝⠙⠑⠗⠎⠞⠁⠝⠙ ⠞⠓⠊⠎ ⠞⠑⠭⠞⠦
Can you understand this text?,⠉⠁⠝ ⠽⠕⠥ ⠥⠝⠙⠑⠗⠎⠞⠁⠝⠙ ⠞⠓⠊⠎ ⠞⠑⠭⠞⠦
Hello world.,⠓⠑⠇⠇⠕ ⠺⠕⠗⠇⠙⠲
I like programming.,⠊ ⠇⠊⠅⠑ ⠏⠗⠕⠛⠗⠁⠍⠍⠊⠝⠛⠲
How do you read this?,⠓⠕⠺ ⠙⠕ ⠽⠕⠥ ⠗⠑⠁⠙ ⠞⠓⠊⠎⠦
Can you understand this text?,⠉⠁⠝ ⠽⠕⠥ ⠥⠝⠙⠑⠗⠎⠞⠁⠝⠙ ⠞⠓⠊⠎ ⠞⠑⠭⠞⠦
Hello world.,⠓⠑⠇⠇⠕ ⠺⠕⠗⠇⠙⠲
Hello world.,⠓⠑⠇⠇⠕ ⠺⠕⠗⠇⠙⠲
Can you understand this text?,⠉⠁⠝ ⠽⠕⠥ ⠥⠝⠙⠑⠗⠎⠞⠁⠝⠙ ⠞⠓⠊⠎ ⠞⠑⠭⠞⠦
Can you understand this text?,⠉⠁⠝ ⠽⠕⠥ ⠥⠝⠙⠑⠗⠎⠞⠁⠝⠙ ⠞⠓⠊⠎ ⠞⠑⠭⠞⠦
Machine learning is fascinating.,⠍⠁⠉⠓⠊⠝⠑ ⠇⠑⠁⠗⠝⠊⠝⠛ ⠊⠎ ⠋⠁⠎⠉⠊⠝⠁⠞⠊⠝⠛⠲
I like programming.,⠊ ⠇⠊⠅⠑ ⠏⠗⠕⠛⠗⠁⠍⠍⠊⠝⠛⠲
Hello world.,⠓⠑⠇⠇⠕ ⠺⠕⠗⠇⠙⠲
Accessibility matters.,⠁⠉⠉⠑⠎⠎⠊⠃⠊⠇⠊⠞⠽ ⠍⠁⠞⠞⠑⠗⠎⠲
Can you understand this text?,⠉⠁⠝ ⠽⠕⠥ ⠥⠝⠙⠑⠗⠎⠞⠁⠝⠙ ⠞⠓⠊⠎ ⠞⠑⠭⠞⠦
Machine learning is fascinating.,⠍⠁⠉⠓⠊⠝⠑ ⠇⠑⠁⠗⠝⠊⠝⠛ ⠊⠎ ⠋⠁⠎⠉⠊⠝⠁⠞⠊⠝⠛⠲
This is a test sentence.,⠞⠓⠊⠎ ⠊⠎ ⠁ ⠞⠑⠎⠞ ⠎⠑⠝⠞⠑⠝⠉⠑⠲
This is a test sentence.,⠞⠓⠊⠎ ⠊⠎ ⠁ ⠞⠑⠎⠞ ⠎⠑⠝⠞⠑⠝⠉⠑⠲
Python is fun.,⠏⠽⠞⠓⠕⠝ ⠊⠎ ⠋⠥⠝⠲
This dataset is synthetic.,⠞⠓⠊⠎ ⠙⠁⠞⠁⠎⠑⠞ ⠊⠎ ⠎⠽⠝⠞⠓⠑⠞⠊⠉⠲
Accessibility matters.,⠁⠉⠉⠑⠎⠎⠊⠃⠊⠇⠊⠞⠽ ⠍⠁⠞⠞⠑⠗⠎⠲
Python is fun.,⠏⠽⠞⠓⠕⠝ ⠊⠎ ⠋⠥⠝⠲
Hello world.,⠓⠑⠇⠇⠕ ⠺⠕⠗⠇⠙⠲
I like programming.,⠊ ⠇⠊⠅⠑ ⠏⠗⠕⠛⠗⠁⠍⠍⠊⠝⠛⠲
Accessibility matters.,⠁⠉⠉⠑⠎⠎⠊⠃⠊⠇⠊⠞⠽ ⠍⠁⠞⠞⠑⠗⠎⠲
I like programming.,⠊ ⠇⠊⠅⠑ ⠏⠗⠕⠛⠗⠁⠍⠍⠊⠝⠛⠲
Can you understand this text?,⠉⠁⠝ ⠽⠕⠥ ⠥⠝⠙⠑⠗⠎⠞⠁⠝⠙ ⠞⠓⠊⠎ ⠞⠑⠭⠞⠦
I like programming.,⠊ ⠇⠊⠅⠑ ⠏⠗⠕⠛⠗⠁⠍⠍⠊⠝⠛⠲
Braille is a tactile writing system.,⠃⠗⠁⠊⠇⠇⠑ ⠊⠎ ⠁ ⠞⠁⠉⠞⠊⠇⠑ ⠺⠗⠊⠞⠊⠝⠛ ⠎⠽⠎⠞⠑⠍⠲
This is a test sentence.,⠞⠓⠊⠎ ⠊⠎ ⠁ ⠞⠑⠎⠞ ⠎⠑⠝⠞⠑⠝⠉⠑⠲
I like programming.,⠊ ⠇⠊⠅⠑ ⠏⠗⠕⠛⠗⠁⠍⠍⠊⠝⠛⠲
I like programming.,⠊ ⠇⠊⠅⠑ ⠏⠗⠕⠛⠗⠁⠍⠍⠊⠝⠛⠲
I like programming.,⠊ ⠇⠊⠅⠑ ⠏⠗⠕⠛⠗⠁⠍⠍⠊⠝⠛⠲
Machine learning is fascinating.,⠍⠁⠉⠓⠊⠝⠑ ⠇⠑⠁⠗⠝⠊⠝⠛ ⠊⠎ ⠋⠁⠎⠉⠊⠝⠁⠞⠊⠝⠛⠲
Accessibility matters.,⠁⠉⠉⠑⠎⠎⠊⠃⠊⠇⠊⠞⠽ ⠍⠁⠞⠞⠑⠗⠎⠲
How do you read this?,⠓⠕⠺ ⠙⠕ ⠽⠕⠥ ⠗⠑⠁⠙ ⠞⠓⠊⠎⠦
Python is fun.,⠏⠽⠞⠓⠕⠝ ⠊⠎ ⠋⠥⠝⠲
Accessibility matters.,⠁⠉⠉⠑⠎⠎⠊⠃⠊⠇⠊⠞⠽ ⠍⠁⠞⠞⠑⠗⠎⠲
Can you understand this text?,⠉⠁⠝ ⠽⠕⠥ ⠥⠝⠙⠑⠗⠎⠞⠁⠝⠙ ⠞⠓⠊⠎ ⠞⠑⠭⠞⠦
Can you understand this text?,⠉⠁⠝ ⠽⠕⠥ ⠥⠝⠙⠑⠗⠎⠞⠁⠝⠙ ⠞⠓⠊⠎ ⠞⠑⠭⠞⠦
Hello world.,⠓⠑⠇⠇⠕ ⠺⠕⠗⠇⠙⠲
Python is fun.,⠏⠽⠞⠓⠕⠝ ⠊⠎ ⠋⠥⠝⠲
Braille is a tactile writing system.,⠃⠗⠁⠊⠇⠇⠑ ⠊⠎ ⠁ ⠞⠁⠉⠞⠊⠇⠑ ⠺⠗⠊⠞⠊⠝⠛ ⠎⠽⠎⠞⠑⠍⠲
I like programming.,⠊ ⠇⠊⠅⠑ ⠏⠗⠕⠛⠗⠁⠍⠍⠊⠝⠛⠲
Can you understand this text?,⠉⠁⠝ ⠽⠕⠥ ⠥⠝⠙⠑⠗⠎⠞⠁⠝⠙ ⠞⠓⠊⠎ ⠞⠑⠭⠞⠦
Accessibility matters.,⠁⠉⠉⠑⠎⠎⠊⠃⠊⠇⠊⠞⠽ ⠍⠁⠞⠞⠑⠗⠎⠲
How do you read this?,⠓⠕⠺ ⠙⠕ ⠽⠕⠥ ⠗⠑⠁⠙ ⠞⠓⠊⠎⠦
Python is fun.,⠏⠽⠞⠓⠕⠝ ⠊⠎ ⠋⠥⠝⠲
Accessibility matters.,⠁⠉⠉⠑⠎⠎⠊⠃⠊⠇⠊⠞⠽ ⠍⠁⠞⠞⠑⠗⠎⠲
How do you read this?,⠓⠕⠺ ⠙⠕ ⠽⠕⠥ ⠗⠑⠁⠙ ⠞⠓⠊⠎⠦
Hello world.,⠓⠑⠇⠇⠕ ⠺⠕⠗⠇⠙⠲
Hello world.,⠓⠑⠇⠇⠕ ⠺⠕⠗⠇⠙⠲
This dataset is synthetic.,⠞⠓⠊⠎ ⠙⠁⠞⠁⠎⠑⠞ ⠊⠎ ⠎⠽⠝⠞⠓⠑⠞⠊⠉⠲
I like programming.,⠊ ⠇⠊⠅⠑ ⠏⠗⠕⠛⠗⠁⠍⠍⠊⠝⠛⠲
This is a test sentence.,⠞⠓⠊⠎ ⠊⠎ ⠁ ⠞⠑⠎⠞ ⠎⠑⠝⠞⠑⠝⠉⠑⠲
This dataset is synthetic.,⠞⠓⠊⠎ ⠙⠁⠞⠁⠎⠑⠞ ⠊⠎ ⠎⠽⠝⠞⠓⠑⠞⠊⠉⠲
Braille is a tactile writing system.,⠃⠗⠁⠊⠇⠇⠑ ⠊⠎ ⠁ ⠞⠁⠉⠞⠊⠇⠑ ⠺⠗⠊⠞⠊⠝⠛ ⠎⠽⠎⠞⠑⠍⠲
Accessibility matters.,⠁⠉⠉⠑⠎⠎⠊⠃⠊⠇⠊⠞⠽ ⠍⠁⠞⠞⠑⠗⠎⠲
Accessibility matters.,⠁⠉⠉⠑⠎⠎⠊⠃⠊⠇⠊⠞⠽ ⠍⠁⠞⠞⠑⠗⠎⠲
Python is fun.,⠏⠽⠞⠓⠕⠝ ⠊⠎ ⠋⠥⠝⠲
Accessibility matters.,⠁⠉⠉⠑⠎⠎⠊⠃⠊⠇⠊⠞⠽ ⠍⠁⠞⠞⠑⠗⠎⠲
Can you understand this text?,⠉⠁⠝ ⠽⠕⠥ ⠥⠝⠙⠑⠗⠎⠞⠁⠝⠙ ⠞⠓⠊⠎ ⠞⠑⠭⠞⠦
Machine learning is fascinating.,⠍⠁⠉⠓⠊⠝⠑ ⠇⠑⠁⠗⠝⠊⠝⠛ ⠊⠎ ⠋⠁⠎⠉⠊⠝⠁⠞⠊⠝⠛⠲
Can you understand this text?,⠉⠁⠝ ⠽⠕⠥ ⠥⠝⠙⠑⠗⠎⠞⠁⠝⠙ ⠞⠓⠊⠎ ⠞⠑⠭⠞⠦
Hello world.,⠓⠑⠇⠇⠕ ⠺⠕⠗⠇⠙⠲
This is a test sentence.,⠞⠓⠊⠎ ⠊⠎ ⠁ ⠞⠑⠎⠞ ⠎⠑⠝⠞⠑⠝⠉⠑⠲
Accessibility matters.,⠁⠉⠉⠑⠎⠎⠊⠃⠊⠇⠊⠞⠽ ⠍⠁⠞⠞⠑⠗⠎⠲
Machine learning is fascinating.,⠍⠁⠉⠓⠊⠝⠑ ⠇⠑⠁⠗⠝⠊⠝⠛ ⠊⠎ ⠋⠁⠎⠉⠊⠝⠁⠞⠊⠝⠛⠲
This dataset is synthetic.,⠞⠓⠊⠎ ⠙⠁⠞⠁⠎⠑⠞ ⠊⠎ ⠎⠽⠝⠞⠓⠑⠞⠊⠉⠲
This is a test sentence.,⠞⠓⠊⠎ ⠊⠎ ⠁ ⠞⠑⠎⠞ ⠎⠑⠝⠞⠑⠝⠉⠑⠲
Python is fun.,⠏⠽⠞⠓⠕⠝ ⠊⠎ ⠋⠥⠝⠲
Can you understand this text?,⠉⠁⠝ ⠽⠕⠥ ⠥⠝⠙⠑⠗⠎⠞⠁⠝⠙ ⠞⠓⠊⠎ ⠞⠑⠭⠞⠦
This dataset is synthetic.,⠞⠓⠊⠎ ⠙⠁⠞⠁⠎⠑⠞ ⠊⠎ ⠎⠽⠝⠞⠓⠑⠞⠊⠉⠲
I like programming.,⠊ ⠇⠊⠅⠑ ⠏⠗⠕⠛⠗⠁⠍⠍⠊⠝⠛⠲
This dataset is synthetic.,⠞⠓⠊⠎ ⠙⠁⠞⠁⠎⠑⠞ ⠊⠎ ⠎⠽⠝⠞⠓⠑⠞⠊⠉⠲
Hello world.,⠓⠑⠇⠇⠕ ⠺⠕⠗⠇⠙⠲
This is a test sentence.,⠞⠓⠊⠎ ⠊⠎ ⠁ ⠞⠑⠎⠞ ⠎⠑⠝⠞⠑⠝⠉⠑⠲
This is a test sentence.,⠞⠓⠊⠎ ⠊⠎ ⠁ ⠞⠑⠎⠞ ⠎⠑⠝⠞⠑⠝⠉⠑⠲
This is a test sentence.,⠞⠓⠊⠎ ⠊⠎ ⠁ ⠞⠑⠎⠞ ⠎⠑⠝⠞⠑⠝⠉⠑⠲
Hello world.,⠓⠑⠇⠇⠕ ⠺⠕⠗⠇⠙⠲
Accessibility matters.,⠁⠉⠉⠑⠎⠎⠊⠃⠊⠇⠊⠞⠽ ⠍⠁⠞⠞⠑⠗⠎⠲
This dataset is synthetic.,⠞⠓⠊⠎ ⠙⠁⠞⠁⠎⠑⠞ ⠊⠎ ⠎⠽⠝⠞⠓⠑⠞⠊⠉⠲
Can you understand this text?,⠉⠁⠝ ⠽⠕⠥ ⠥⠝⠙⠑⠗⠎⠞⠁⠝⠙ ⠞⠓⠊⠎ ⠞⠑⠭⠞⠦
This is a test sentence.,⠞⠓⠊⠎ ⠊⠎ ⠁ ⠞⠑⠎⠞ ⠎⠑⠝⠞⠑⠝⠉⠑⠲
Machine learning is fascinating.,⠍⠁⠉⠓⠊⠝⠑ ⠇⠑⠁⠗⠝⠊⠝⠛ ⠊⠎ ⠋⠁⠎⠉⠊⠝⠁⠞⠊⠝⠛⠲
Hello world.,⠓⠑⠇⠇⠕ ⠺⠕⠗⠇⠙⠲
This is a test sentence.,⠞⠓⠊⠎ ⠊⠎ ⠁ ⠞⠑⠎⠞ ⠎⠑⠝⠞⠑⠝⠉⠑⠲
Hello world.,⠓⠑⠇⠇⠕ ⠺⠕⠗⠇⠙⠲
Braille is a tactile writing system.,⠃⠗⠁⠊⠇⠇⠑ ⠊⠎ ⠁ ⠞⠁⠉⠞⠊⠇⠑ ⠺⠗⠊⠞⠊⠝⠛ ⠎⠽⠎⠞⠑⠍⠲
Braille is a tactile writing system.,⠃⠗⠁⠊⠇⠇⠑ ⠊⠎ ⠁ ⠞⠁⠉⠞⠊⠇⠑ ⠺⠗⠊⠞⠊⠝⠛ ⠎⠽⠎⠞⠑⠍⠲
I like programming.,⠊ ⠇⠊⠅⠑ ⠏⠗⠕⠛⠗⠁⠍⠍⠊⠝⠛⠲
Can you understand this text?,⠉⠁⠝ ⠽⠕⠥ ⠥⠝⠙⠑⠗⠎⠞⠁⠝⠙ ⠞⠓⠊⠎ ⠞⠑⠭⠞⠦
Can you understand this text?,⠉⠁⠝ ⠽⠕⠥ ⠥⠝⠙⠑⠗⠎⠞⠁⠝⠙ ⠞⠓⠊⠎ ⠞⠑⠭⠞⠦
This dataset is synthetic.,⠞⠓⠊⠎ ⠙⠁⠞⠁⠎⠑⠞ ⠊⠎ ⠎⠽⠝⠞⠓⠑⠞⠊⠉⠲
Can you understand this text?,⠉⠁⠝ ⠽⠕⠥ ⠥⠝⠙⠑⠗⠎⠞⠁⠝⠙ ⠞⠓⠊⠎ ⠞⠑⠭⠞⠦
Can you understand this text?,⠉⠁⠝ ⠽⠕⠥ ⠥⠝⠙⠑⠗⠎⠞⠁⠝⠙ ⠞⠓⠊⠎ ⠞⠑⠭⠞⠦
How do you read this?,⠓⠕⠺ ⠙⠕ ⠽⠕⠥ ⠗⠑⠁⠙ ⠞⠓⠊⠎⠦
I like programming.,⠊ ⠇⠊⠅⠑ ⠏⠗⠕⠛⠗⠁⠍⠍⠊⠝⠛⠲
Python is fun.,⠏⠽⠞⠓⠕⠝ ⠊⠎ ⠋⠥⠝⠲
Braille is a tactile writing system.,⠃⠗⠁⠊⠇⠇⠑ ⠊⠎ ⠁ ⠞⠁⠉⠞⠊⠇⠑ ⠺⠗⠊⠞⠊⠝⠛ ⠎⠽⠎⠞⠑⠍⠲
Can you understand this text?,⠉⠁⠝ ⠽⠕⠥ ⠥⠝⠙⠑⠗⠎⠞⠁⠝⠙ ⠞⠓⠊⠎ ⠞⠑⠭⠞⠦
This is a test sentence.,⠞⠓⠊⠎ ⠊⠎ ⠁ ⠞⠑⠎⠞ ⠎⠑⠝⠞⠑⠝⠉⠑⠲
How do you read this?,⠓⠕⠺ ⠙⠕ ⠽⠕⠥ ⠗⠑⠁⠙ ⠞⠓⠊⠎⠦
Braille is a tactile writing system.,⠃⠗⠁⠊⠇⠇⠑ ⠊⠎ ⠁ ⠞⠁⠉⠞⠊⠇⠑ ⠺⠗⠊⠞⠊⠝⠛ ⠎⠽⠎⠞⠑⠍⠲
Python is fun.,⠏⠽⠞⠓⠕⠝ ⠊⠎ ⠋⠥⠝⠲
Machine learning is fascinating.,⠍⠁⠉⠓⠊⠝⠑ ⠇⠑⠁⠗⠝⠊⠝⠛ ⠊⠎ ⠋⠁⠎⠉⠊⠝⠁⠞⠊⠝⠛⠲
Can you understand this text?,⠉⠁⠝ ⠽⠕⠥ ⠥⠝⠙⠑⠗⠎⠞⠁⠝⠙ ⠞⠓⠊⠎ ⠞⠑⠭⠞⠦
Hello world.,⠓⠑⠇⠇⠕ ⠺⠕⠗⠇⠙⠲
This is a test sentence.,⠞⠓⠊⠎ ⠊⠎ ⠁ ⠞⠑⠎⠞ ⠎⠑⠝⠞⠑⠝⠉⠑⠲
Can you understand this text?,⠉⠁⠝ ⠽⠕⠥ ⠥⠝⠙⠑⠗⠎⠞⠁⠝⠙ ⠞⠓⠊⠎ ⠞⠑⠭⠞⠦
Accessibility matters.,⠁⠉⠉⠑⠎⠎⠊⠃⠊⠇⠊⠞⠽ ⠍⠁⠞⠞⠑⠗⠎⠲
Accessibility matters.,⠁⠉⠉⠑⠎⠎⠊⠃⠊⠇⠊⠞⠽ ⠍⠁⠞⠞⠑⠗⠎⠲
Accessibility matters.,⠁⠉⠉⠑⠎⠎⠊⠃⠊⠇⠊⠞⠽ ⠍⠁⠞⠞⠑⠗⠎⠲
Can you understand this text?,⠉⠁⠝ ⠽⠕⠥ ⠥⠝⠙⠑⠗⠎⠞⠁⠝⠙ ⠞⠓⠊⠎ ⠞⠑⠭⠞⠦
Python is fun.,⠏⠽⠞⠓⠕⠝ ⠊⠎ ⠋⠥⠝⠲
I like programming.,⠊ ⠇⠊⠅⠑ ⠏⠗⠕⠛⠗⠁⠍⠍⠊⠝⠛⠲
This dataset is synthetic.,⠞⠓⠊⠎ ⠙⠁⠞⠁⠎⠑⠞ ⠊⠎ ⠎⠽⠝⠞⠓⠑⠞⠊⠉⠲
Braille is a tactile writing system.,⠃⠗⠁⠊⠇⠇⠑ ⠊⠎ ⠁ ⠞⠁⠉⠞⠊⠇⠑ ⠺⠗⠊⠞⠊⠝⠛ ⠎⠽⠎⠞⠑⠍⠲
Braille is a tactile writing system.,⠃⠗⠁⠊⠇⠇⠑ ⠊⠎ ⠁ ⠞⠁⠉⠞⠊⠇⠑ ⠺⠗⠊⠞⠊⠝⠛ ⠎⠽⠎⠞⠑⠍⠲
This is a test sentence.,⠞⠓⠊⠎ ⠊⠎ ⠁ ⠞⠑⠎⠞ ⠎⠑⠝⠞⠑⠝⠉⠑⠲
Can you understand this text?,⠉⠁⠝ ⠽⠕⠥ ⠥⠝⠙⠑⠗⠎⠞⠁⠝⠙ ⠞⠓⠊⠎ ⠞⠑⠭⠞⠦
Braille is a tactile writing system.,⠃⠗⠁⠊⠇⠇⠑ ⠊⠎ ⠁ ⠞⠁⠉⠞⠊⠇⠑ ⠺⠗⠊⠞⠊⠝⠛ ⠎⠽⠎⠞⠑⠍⠲
How do you read this?,⠓⠕⠺ ⠙⠕ ⠽⠕⠥ ⠗⠑⠁⠙ ⠞⠓⠊⠎⠦
How do you read this?,⠓⠕⠺ ⠙⠕ ⠽⠕⠥ ⠗⠑⠁⠙ ⠞⠓⠊⠎⠦
This is a test sentence.,⠞⠓⠊⠎ ⠊⠎ ⠁ ⠞⠑⠎⠞ ⠎⠑⠝⠞⠑⠝⠉⠑⠲
Can you understand this text?,⠉⠁⠝ ⠽⠕⠥ ⠥⠝⠙⠑⠗⠎⠞⠁⠝⠙ ⠞⠓⠊⠎ ⠞⠑⠭⠞⠦
I like programming.,⠊ ⠇⠊⠅⠑ ⠏⠗⠕⠛⠗⠁⠍⠍⠊⠝⠛⠲
Can you understand this text?,⠉⠁⠝ ⠽⠕⠥ ⠥⠝⠙⠑⠗⠎⠞⠁⠝⠙ ⠞⠓⠊⠎ ⠞⠑⠭⠞⠦
Braille is a tactile writing system.,⠃⠗⠁⠊⠇⠇⠑ ⠊⠎ ⠁ ⠞⠁⠉⠞⠊⠇⠑ ⠺⠗⠊⠞⠊⠝⠛ ⠎⠽⠎⠞⠑⠍⠲
Hello world.,⠓⠑⠇⠇⠕ ⠺⠕⠗⠇⠙⠲
This dataset is synthetic.,⠞⠓⠊⠎ ⠙⠁⠞⠁⠎⠑⠞ ⠊⠎ ⠎⠽⠝⠞⠓⠑⠞⠊⠉⠲
This is a test sentence.,⠞⠓⠊⠎ ⠊⠎ ⠁ ⠞⠑⠎⠞ ⠎⠑⠝⠞⠑⠝⠉⠑⠲
Can you understand this text?,⠉⠁⠝ ⠽⠕⠥ ⠥⠝⠙⠑⠗⠎⠞⠁⠝⠙ ⠞⠓⠊⠎ ⠞⠑⠭⠞⠦
This is a test sentence.,⠞⠓⠊⠎ ⠊⠎ ⠁ ⠞⠑⠎⠞ ⠎⠑⠝⠞⠑⠝⠉⠑⠲
Hello world.,⠓⠑⠇⠇⠕ ⠺⠕⠗⠇⠙⠲
Machine learning is fascinating.,⠍⠁⠉⠓⠊⠝⠑ ⠇⠑⠁⠗⠝⠊⠝⠛ ⠊⠎ ⠋⠁⠎⠉⠊⠝⠁⠞⠊⠝⠛⠲
Braille is a tactile writing system.,⠃⠗⠁⠊⠇⠇⠑ ⠊⠎ ⠁ ⠞⠁⠉⠞⠊⠇⠑ ⠺⠗⠊⠞⠊⠝⠛ ⠎⠽⠎⠞⠑⠍⠲
I like programming.,⠊ ⠇⠊⠅⠑ ⠏⠗⠕⠛⠗⠁⠍⠍⠊⠝⠛⠲
Accessibility matters.,⠁⠉⠉⠑⠎⠎⠊⠃⠊⠇⠊⠞⠽ ⠍⠁⠞⠞⠑⠗⠎⠲
Braille is a tactile writing system.,⠃⠗⠁⠊⠇⠇⠑ ⠊⠎ ⠁ ⠞⠁⠉⠞⠊⠇⠑ ⠺⠗⠊⠞⠊⠝⠛ ⠎⠽⠎⠞⠑⠍⠲
Can you understand this text?,⠉⠁⠝ ⠽⠕⠥ ⠥⠝⠙⠑⠗⠎⠞⠁⠝⠙ ⠞⠓⠊⠎ ⠞⠑⠭⠞⠦
This is a test sentence.,⠞⠓⠊⠎ ⠊⠎ ⠁ ⠞⠑⠎⠞ ⠎⠑⠝⠞⠑⠝⠉⠑⠲
Hello world.,⠓⠑⠇⠇⠕ ⠺⠕⠗⠇⠙⠲
How do you read this?,⠓⠕⠺ ⠙⠕ ⠽⠕⠥ ⠗⠑⠁⠙ ⠞⠓⠊⠎⠦
Python is fun.,⠏⠽⠞⠓⠕⠝ ⠊⠎ ⠋⠥⠝⠲
How do you read this?,⠓⠕⠺ ⠙⠕ ⠽⠕⠥ ⠗⠑⠁⠙ ⠞⠓⠊⠎⠦
This dataset is synthetic.,⠞⠓⠊⠎ ⠙⠁⠞⠁⠎⠑⠞ ⠊⠎ ⠎⠽⠝⠞⠓⠑⠞⠊⠉⠲
Hello world.,⠓⠑⠇⠇⠕ ⠺⠕⠗⠇⠙⠲
I like programming.,⠊ ⠇⠊⠅⠑ ⠏⠗⠕⠛⠗⠁⠍⠍⠊⠝⠛⠲
Hello world.,⠓⠑⠇⠇⠕ ⠺⠕⠗⠇⠙⠲
Braille is a tactile writing system.,⠃⠗⠁⠊⠇⠇⠑ ⠊⠎ ⠁ ⠞⠁⠉⠞⠊⠇⠑ ⠺⠗⠊⠞⠊⠝⠛ ⠎⠽⠎⠞⠑⠍⠲
How do you read this?,⠓⠕⠺ ⠙⠕ ⠽⠕⠥ ⠗⠑⠁⠙ ⠞⠓⠊⠎⠦
Can you understand this text?,⠉⠁⠝ ⠽⠕⠥ ⠥⠝⠙⠑⠗⠎⠞⠁⠝⠙ ⠞⠓⠊⠎ ⠞⠑⠭⠞⠦
Python is fun.,⠏⠽⠞⠓⠕⠝ ⠊⠎ ⠋⠥⠝⠲
This dataset is synthetic.,⠞⠓⠊⠎ ⠙⠁⠞⠁⠎⠑⠞ ⠊⠎ ⠎⠽⠝⠞⠓⠑⠞⠊⠉⠲
Machine learning is fascinating.,⠍⠁⠉⠓⠊⠝⠑ ⠇⠑⠁⠗⠝⠊⠝⠛ ⠊⠎ ⠋⠁⠎⠉⠊⠝⠁⠞⠊⠝⠛⠲
Can you understand this text?,⠉⠁⠝ ⠽⠕⠥ ⠥⠝⠙⠑⠗⠎⠞⠁⠝⠙ ⠞⠓⠊⠎ ⠞⠑⠭⠞⠦
I like programming.,⠊ ⠇⠊⠅⠑ ⠏⠗⠕⠛⠗⠁⠍⠍⠊⠝⠛⠲
Can you understand this text?,⠉⠁⠝ ⠽⠕⠥ ⠥⠝⠙⠑⠗⠎⠞⠁⠝⠙ ⠞⠓⠊⠎ ⠞⠑⠭⠞⠦
I like programming.,⠊ ⠇⠊⠅⠑ ⠏⠗⠕⠛⠗⠁⠍⠍⠊⠝⠛⠲
Can you understand this text?,⠉⠁⠝ ⠽⠕⠥ ⠥⠝⠙⠑⠗⠎⠞⠁⠝⠙ ⠞⠓⠊⠎ ⠞⠑⠭⠞⠦
Accessibility matters.,⠁⠉⠉⠑⠎⠎⠊⠃⠊⠇⠊⠞⠽ ⠍⠁⠞⠞⠑⠗⠎⠲
This is a test sentence.,⠞⠓⠊⠎ ⠊⠎ ⠁ ⠞⠑⠎⠞ ⠎⠑⠝⠞⠑⠝⠉⠑⠲
This dataset is synthetic.,⠞⠓⠊⠎ ⠙⠁⠞⠁⠎⠑⠞ ⠊⠎ ⠎⠽⠝⠞⠓⠑⠞⠊⠉⠲
Can you understand this text?,⠉⠁⠝ ⠽⠕⠥ ⠥⠝⠙⠑⠗⠎⠞⠁⠝⠙ ⠞⠓⠊⠎ ⠞⠑⠭⠞⠦
Hello world.,⠓⠑⠇⠇⠕ ⠺⠕⠗⠇⠙⠲
Can you understand this text?,⠉⠁⠝ ⠽⠕⠥ ⠥⠝⠙⠑⠗⠎⠞⠁⠝⠙ ⠞⠓⠊⠎ ⠞⠑⠭⠞⠦
Hello world.,⠓⠑⠇⠇⠕ ⠺⠕⠗⠇⠙⠲
Can you understand this text?,⠉⠁⠝ ⠽⠕⠥ ⠥⠝⠙⠑⠗⠎⠞⠁⠝⠙ ⠞⠓⠊⠎ ⠞⠑⠭⠞⠦
Python is fun.,⠏⠽⠞⠓⠕⠝ ⠊⠎ ⠋⠥⠝⠲
Accessibility matters.,⠁⠉⠉⠑⠎⠎⠊⠃⠊⠇⠊⠞⠽ ⠍⠁⠞⠞⠑⠗⠎⠲
Hello world.,⠓⠑⠇⠇⠕ ⠺⠕⠗⠇⠙⠲
I like programming.,⠊ ⠇⠊⠅⠑ ⠏⠗⠕⠛⠗⠁⠍⠍⠊⠝⠛⠲
How do you read this?,⠓⠕⠺ ⠙⠕ ⠽⠕⠥ ⠗⠑⠁⠙ ⠞⠓⠊⠎⠦
Braille is a tactile writing system.,⠃⠗⠁⠊⠇⠇⠑ ⠊⠎ ⠁ ⠞⠁⠉⠞⠊⠇⠑ ⠺⠗⠊⠞⠊⠝⠛ ⠎⠽⠎⠞⠑⠍⠲
This dataset is synthetic.,⠞⠓⠊⠎ ⠙⠁⠞⠁⠎⠑⠞ ⠊⠎ ⠎⠽⠝⠞⠓⠑⠞⠊⠉⠲
This dataset is synthetic.,⠞⠓⠊⠎ ⠙⠁⠞⠁⠎⠑⠞ ⠊⠎ ⠎⠽⠝⠞⠓⠑⠞⠊⠉⠲
Braille is a tactile writing system.,⠃⠗⠁⠊⠇⠇⠑ ⠊⠎ ⠁ ⠞⠁⠉⠞⠊⠇⠑ ⠺⠗⠊⠞⠊⠝⠛ ⠎⠽⠎⠞⠑⠍⠲
I like programming.,⠊ ⠇⠊⠅⠑ ⠏⠗⠕⠛⠗⠁⠍⠍⠊⠝⠛⠲
This is a test sentence.,⠞⠓⠊⠎ ⠊⠎ ⠁ ⠞⠑⠎⠞ ⠎⠑⠝⠞⠑⠝⠉⠑⠲
Python is fun.,⠏⠽⠞⠓⠕⠝ ⠊⠎ ⠋⠥⠝⠲
Braille is a tactile writing system.,⠃⠗⠁⠊⠇⠇⠑ ⠊⠎ ⠁ ⠞⠁⠉⠞⠊⠇⠑ ⠺⠗⠊⠞⠊⠝⠛ ⠎⠽⠎⠞⠑⠍⠲
Python is fun.,⠏⠽⠞⠓⠕⠝ ⠊⠎ ⠋⠥⠝⠲
How do you read this?,⠓⠕⠺ ⠙⠕ ⠽⠕⠥ ⠗⠑⠁⠙ ⠞⠓⠊⠎⠦
Braille is a tactile writing system.,⠃⠗⠁⠊⠇⠇⠑ ⠊⠎ ⠁ ⠞⠁⠉⠞⠊⠇⠑ ⠺⠗⠊⠞⠊⠝⠛ ⠎⠽⠎⠞⠑⠍⠲
Accessibility matters.,⠁⠉⠉⠑⠎⠎⠊⠃⠊⠇⠊⠞⠽ ⠍⠁⠞⠞⠑⠗⠎⠲
Hello world.,⠓⠑⠇⠇⠕ ⠺⠕⠗⠇⠙⠲
Accessibility matters.,⠁⠉⠉⠑⠎⠎⠊⠃⠊⠇⠊⠞⠽ ⠍⠁⠞⠞⠑⠗⠎⠲
Python is fun.,⠏⠽⠞⠓⠕⠝ ⠊⠎ ⠋⠥⠝⠲
Machine learning is fascinating.,⠍⠁⠉⠓⠊⠝⠑ ⠇⠑⠁⠗⠝⠊⠝⠛ ⠊⠎ ⠋⠁⠎⠉⠊⠝⠁⠞⠊⠝⠛⠲
Braille is a tactile writing system.,⠃⠗⠁⠊⠇⠇⠑ ⠊⠎ ⠁ ⠞⠁⠉⠞⠊⠇⠑ ⠺⠗⠊⠞⠊⠝⠛ ⠎⠽⠎⠞⠑⠍⠲
Machine learning is fascinating.,⠍⠁⠉⠓⠊⠝⠑ ⠇⠑⠁⠗⠝⠊⠝⠛ ⠊⠎ ⠋⠁⠎⠉⠊⠝⠁⠞⠊⠝⠛⠲
This dataset is synthetic.,⠞⠓⠊⠎ ⠙⠁⠞⠁⠎⠑⠞ ⠊⠎ ⠎⠽⠝⠞⠓⠑⠞⠊⠉⠲
Braille is a tactile writing system.,⠃⠗⠁⠊⠇⠇⠑ ⠊⠎ ⠁ ⠞⠁⠉⠞⠊⠇⠑ ⠺⠗⠊⠞⠊⠝⠛ ⠎⠽⠎⠞⠑⠍⠲
Python is fun.,⠏⠽⠞⠓⠕⠝ ⠊⠎ ⠋⠥⠝⠲
How do you read this?,⠓⠕⠺ ⠙⠕ ⠽⠕⠥ ⠗⠑⠁⠙ ⠞⠓⠊⠎⠦
I like programming.,⠊ ⠇⠊⠅⠑ ⠏⠗⠕⠛⠗⠁⠍⠍⠊⠝⠛⠲
Can you understand this text?,⠉⠁⠝ ⠽⠕⠥ ⠥⠝⠙⠑⠗⠎⠞⠁⠝⠙ ⠞⠓⠊⠎ ⠞⠑⠭⠞⠦
Accessibility matters.,⠁⠉⠉⠑⠎⠎⠊⠃⠊⠇⠊⠞⠽ ⠍⠁⠞⠞⠑⠗⠎⠲
Machine learning is fascinating.,⠍⠁⠉⠓⠊⠝⠑ ⠇⠑⠁⠗⠝⠊⠝⠛ ⠊⠎ ⠋⠁⠎⠉⠊⠝⠁⠞⠊⠝⠛⠲
Machine learning is fascinating.,⠍⠁⠉⠓⠊⠝⠑ ⠇⠑⠁⠗⠝⠊⠝⠛ ⠊⠎ ⠋⠁⠎⠉⠊⠝⠁⠞⠊⠝⠛⠲
How do you read this?,⠓⠕⠺ ⠙⠕ ⠽⠕⠥ ⠗⠑⠁⠙ ⠞⠓⠊⠎⠦
Can you understand this text?,⠉⠁⠝ ⠽⠕⠥ ⠥⠝⠙⠑⠗⠎⠞⠁⠝⠙ ⠞⠓⠊⠎ ⠞⠑⠭⠞⠦
This dataset is synthetic.,⠞⠓⠊⠎ ⠙⠁⠞⠁⠎⠑⠞ ⠊⠎ ⠎⠽⠝⠞⠓⠑⠞⠊⠉⠲
Accessibility matters.,⠁⠉⠉⠑⠎⠎⠊⠃⠊⠇⠊⠞⠽ ⠍⠁⠞⠞⠑⠗⠎⠲
This dataset is synthetic.,⠞⠓⠊⠎ ⠙⠁⠞⠁⠎⠑⠞ ⠊⠎ ⠎⠽⠝⠞⠓⠑⠞⠊⠉⠲
I like programming.,⠊ ⠇⠊⠅⠑ ⠏⠗⠕⠛⠗⠁⠍⠍⠊⠝⠛⠲
How do you read this?,⠓⠕⠺ ⠙⠕ ⠽⠕⠥ ⠗⠑⠁⠙ ⠞⠓⠊⠎⠦
I like programming.,⠊ ⠇⠊⠅⠑ ⠏⠗⠕⠛⠗⠁⠍⠍⠊⠝⠛⠲
Accessibility matters.,⠁⠉⠉⠑⠎⠎⠊⠃⠊⠇⠊⠞⠽ ⠍⠁⠞⠞⠑⠗⠎⠲
Braille is a tactile writing system.,⠃⠗⠁⠊⠇⠇⠑ ⠊⠎ ⠁ ⠞⠁⠉⠞⠊⠇⠑ ⠺⠗⠊⠞⠊⠝⠛ ⠎⠽⠎⠞⠑⠍⠲
This dataset is synthetic.,⠞⠓⠊⠎ ⠙⠁⠞⠁⠎⠑⠞ ⠊⠎ ⠎⠽⠝⠞⠓⠑⠞⠊⠉⠲
How do you read this?,⠓⠕⠺ ⠙⠕ ⠽⠕⠥ ⠗⠑⠁⠙ ⠞⠓⠊⠎⠦
Can you understand this text?,⠉⠁⠝ ⠽⠕⠥ ⠥⠝⠙⠑⠗⠎⠞⠁⠝⠙ ⠞⠓⠊⠎ ⠞⠑⠭⠞⠦
I like programming.,⠊ ⠇⠊⠅⠑ ⠏⠗⠕⠛⠗⠁⠍⠍⠊⠝⠛⠲
Can you understand this text?,⠉⠁⠝ ⠽⠕⠥ ⠥⠝⠙⠑⠗⠎⠞⠁⠝⠙ ⠞⠓⠊⠎ ⠞⠑⠭⠞⠦
Accessibility matters.,⠁⠉⠉⠑⠎⠎⠊⠃⠊⠇⠊⠞⠽ ⠍⠁⠞⠞⠑⠗⠎⠲
Can you understand this text?,⠉⠁⠝ ⠽⠕⠥ ⠥⠝⠙⠑⠗⠎⠞⠁⠝⠙ ⠞⠓⠊⠎ ⠞⠑⠭⠞⠦
Accessibility matters.,⠁⠉⠉⠑⠎⠎⠊⠃⠊⠇⠊⠞⠽ ⠍⠁⠞⠞⠑⠗⠎⠲
I like programming.,⠊ ⠇⠊⠅⠑ ⠏⠗⠕⠛⠗⠁⠍⠍⠊⠝⠛⠲
This dataset is synthetic.,⠞⠓⠊⠎ ⠙⠁⠞⠁⠎⠑⠞ ⠊⠎ ⠎⠽⠝⠞⠓⠑⠞⠊⠉⠲
Hello world.,⠓⠑⠇⠇⠕ ⠺⠕⠗⠇⠙⠲
This dataset is synthetic.,⠞⠓⠊⠎ ⠙⠁⠞⠁⠎⠑⠞ ⠊⠎ ⠎⠽⠝⠞⠓⠑⠞⠊⠉⠲
This dataset is synthetic.,⠞⠓⠊⠎ ⠙⠁⠞⠁⠎⠑⠞ ⠊⠎ ⠎⠽⠝⠞⠓⠑⠞⠊⠉⠲
This dataset is synthetic.,⠞⠓⠊⠎ ⠙⠁⠞⠁⠎⠑⠞ ⠊⠎ ⠎⠽⠝⠞⠓⠑⠞⠊⠉⠲
Can you understand this text?,⠉⠁⠝ ⠽⠕⠥ ⠥⠝⠙⠑⠗⠎⠞⠁⠝⠙ ⠞⠓⠊⠎ ⠞⠑⠭⠞⠦
Hello world.,⠓⠑⠇⠇⠕ ⠺⠕⠗⠇⠙⠲
This is a test sentence.,⠞⠓⠊⠎ ⠊⠎ ⠁ ⠞⠑⠎⠞ ⠎⠑⠝⠞⠑⠝⠉⠑⠲
I like programming.,⠊ ⠇⠊⠅⠑ ⠏⠗⠕⠛⠗⠁⠍⠍⠊⠝⠛⠲
Braille is a tactile writing system.,⠃⠗⠁⠊⠇⠇⠑ ⠊⠎ ⠁ ⠞⠁⠉⠞⠊⠇⠑ ⠺⠗⠊⠞⠊⠝⠛ ⠎⠽⠎⠞⠑⠍⠲
How do you read this?,⠓⠕⠺ ⠙⠕ ⠽⠕⠥ ⠗⠑⠁⠙ ⠞⠓⠊⠎⠦
I like programming.,⠊ ⠇⠊⠅⠑ ⠏⠗⠕⠛⠗⠁⠍⠍⠊⠝⠛⠲
Python is fun.,⠏⠽⠞⠓⠕⠝ ⠊⠎ ⠋⠥⠝⠲
This dataset is synthetic.,⠞⠓⠊⠎ ⠙⠁⠞⠁⠎⠑⠞ ⠊⠎ ⠎⠽⠝⠞⠓⠑⠞⠊⠉⠲
Accessibility matters.,⠁⠉⠉⠑⠎⠎⠊⠃⠊⠇⠊⠞⠽ ⠍⠁⠞⠞⠑⠗⠎⠲
Hello world.,⠓⠑⠇⠇⠕ ⠺⠕⠗⠇⠙⠲
This dataset is synthetic.,⠞⠓⠊⠎ ⠙⠁⠞⠁⠎⠑⠞ ⠊⠎ ⠎⠽⠝⠞⠓⠑⠞⠊⠉⠲
I like programming.,⠊ ⠇⠊⠅⠑ ⠏⠗⠕⠛⠗⠁⠍⠍⠊⠝⠛⠲
This is a test sentence.,⠞⠓⠊⠎ ⠊⠎ ⠁ ⠞⠑⠎⠞ ⠎⠑⠝⠞⠑⠝⠉⠑⠲
How do you read this?,⠓⠕⠺ ⠙⠕ ⠽⠕⠥ ⠗⠑⠁⠙ ⠞⠓⠊⠎⠦
Hello world.,⠓⠑⠇⠇⠕ ⠺⠕⠗⠇⠙⠲
Machine learning is fascinating.,⠍⠁⠉⠓⠊⠝⠑ ⠇⠑⠁⠗⠝⠊⠝⠛ ⠊⠎ ⠋⠁⠎⠉⠊⠝⠁⠞⠊⠝⠛⠲
Python is fun.,⠏⠽⠞⠓⠕⠝ ⠊⠎ ⠋⠥⠝⠲
This dataset is synthetic.,⠞⠓⠊⠎ ⠙⠁⠞⠁⠎⠑⠞ ⠊⠎ ⠎⠽⠝⠞⠓⠑⠞⠊⠉⠲
Hello world.,⠓⠑⠇⠇⠕ ⠺⠕⠗⠇⠙⠲
How do you read this?,⠓⠕⠺ ⠙⠕ ⠽⠕⠥ ⠗⠑⠁⠙ ⠞⠓⠊⠎⠦
This dataset is synthetic.,⠞⠓⠊⠎ ⠙⠁⠞⠁⠎⠑⠞ ⠊⠎ ⠎⠽⠝⠞⠓⠑⠞⠊⠉⠲
Hello world.,⠓⠑⠇⠇⠕ ⠺⠕⠗⠇⠙⠲
This dataset is synthetic.,⠞⠓⠊⠎ ⠙⠁⠞⠁⠎⠑⠞ ⠊⠎ ⠎⠽⠝⠞⠓⠑⠞⠊⠉⠲
This is a test sentence.,⠞⠓⠊⠎ ⠊⠎ ⠁ ⠞⠑⠎⠞ ⠎⠑⠝⠞⠑⠝⠉⠑⠲
Machine learning is fascinating.,⠍⠁⠉⠓⠊⠝⠑ ⠇⠑⠁⠗⠝⠊⠝⠛ ⠊⠎ ⠋⠁⠎⠉⠊⠝⠁⠞⠊⠝⠛⠲
I like programming.,⠊ ⠇⠊⠅⠑ ⠏⠗⠕⠛⠗⠁⠍⠍⠊⠝⠛⠲
Python is fun.,⠏⠽⠞⠓⠕⠝ ⠊⠎ ⠋⠥⠝⠲
I like programming.,⠊ ⠇⠊⠅⠑ ⠏⠗⠕⠛⠗⠁⠍⠍⠊⠝⠛⠲
Machine learning is fascinating.,⠍⠁⠉⠓⠊⠝⠑ ⠇⠑⠁⠗⠝⠊⠝⠛ ⠊⠎ ⠋⠁⠎⠉⠊⠝⠁⠞⠊⠝⠛⠲
This dataset is synthetic.,⠞⠓⠊⠎ ⠙⠁⠞⠁⠎⠑⠞ ⠊⠎ ⠎⠽⠝⠞⠓⠑⠞⠊⠉⠲
Braille is a tactile writing system.,⠃⠗⠁⠊⠇⠇⠑ ⠊⠎ ⠁ ⠞⠁⠉⠞⠊⠇⠑ ⠺⠗⠊⠞⠊⠝⠛ ⠎⠽⠎⠞⠑⠍⠲
How do you read this?,⠓⠕⠺ ⠙⠕ ⠽⠕⠥ ⠗⠑⠁⠙ ⠞⠓⠊⠎⠦
Hello world.,⠓⠑⠇⠇⠕ ⠺⠕⠗⠇⠙⠲
Python is fun.,⠏⠽⠞⠓⠕⠝ ⠊⠎ ⠋⠥⠝⠲
Can you understand this text?,⠉⠁⠝ ⠽⠕⠥ ⠥⠝⠙⠑⠗⠎⠞⠁⠝⠙ ⠞⠓⠊⠎ ⠞⠑⠭⠞⠦
I like programming.,⠊ ⠇⠊⠅⠑ ⠏⠗⠕⠛⠗⠁⠍⠍⠊⠝⠛⠲
I like programming.,⠊ ⠇⠊⠅⠑ ⠏⠗⠕⠛⠗⠁⠍⠍⠊⠝⠛⠲
This is a test sentence.,⠞⠓⠊⠎ ⠊⠎ ⠁ ⠞⠑⠎⠞ ⠎⠑⠝⠞⠑⠝⠉⠑⠲
This is a test sentence.,⠞⠓⠊⠎ ⠊⠎ ⠁ ⠞⠑⠎⠞ ⠎⠑⠝⠞⠑⠝⠉⠑⠲
Hello world.,⠓⠑⠇⠇⠕ ⠺⠕⠗⠇⠙⠲
Accessibility matters.,⠁⠉⠉⠑⠎⠎⠊⠃⠊⠇⠊⠞⠽ ⠍⠁⠞⠞⠑⠗⠎⠲
Braille is a tactile writing system.,⠃⠗⠁⠊⠇⠇⠑ ⠊⠎ ⠁ ⠞⠁⠉⠞⠊⠇⠑ ⠺⠗⠊⠞⠊⠝⠛ ⠎⠽⠎⠞⠑⠍⠲
Can you understand this text?,⠉⠁⠝ ⠽⠕⠥ ⠥⠝⠙⠑⠗⠎⠞⠁⠝⠙ ⠞⠓⠊⠎ ⠞⠑⠭⠞⠦
Hello world.,⠓⠑⠇⠇⠕ ⠺⠕⠗⠇⠙⠲
Hello world.,⠓⠑⠇⠇⠕ ⠺⠕⠗⠇⠙⠲
I like programming.,⠊ ⠇⠊⠅⠑ ⠏⠗⠕⠛⠗⠁⠍⠍⠊⠝⠛⠲
Braille is a tactile writing system.,⠃⠗⠁⠊⠇⠇⠑ ⠊⠎ ⠁ ⠞⠁⠉⠞⠊⠇⠑ ⠺⠗⠊⠞⠊⠝⠛ ⠎⠽⠎⠞⠑⠍⠲
This is a test sentence.,⠞⠓⠊⠎ ⠊⠎ ⠁ ⠞⠑⠎⠞ ⠎⠑⠝⠞⠑⠝⠉⠑⠲
Machine learning is fascinating.,⠍⠁⠉⠓⠊⠝⠑ ⠇⠑⠁⠗⠝⠊⠝⠛ ⠊⠎ ⠋⠁⠎⠉⠊⠝⠁⠞⠊⠝⠛⠲
Braille is a tactile writing system.,⠃⠗⠁⠊⠇⠇⠑ ⠊⠎ ⠁ ⠞⠁⠉⠞⠊⠇⠑ ⠺⠗⠊⠞⠊⠝⠛ ⠎⠽⠎⠞⠑⠍⠲
Braille is a tactile writing system.,⠃⠗⠁⠊⠇⠇⠑ ⠊⠎ ⠁ ⠞⠁⠉⠞⠊⠇⠑ ⠺⠗⠊⠞⠊⠝⠛ ⠎⠽⠎⠞⠑⠍⠲
This is a test sentence.,⠞⠓⠊⠎ ⠊⠎ ⠁ ⠞⠑⠎⠞ ⠎⠑⠝⠞⠑⠝⠉⠑⠲
Machine learning is fascinating.,⠍⠁⠉⠓⠊⠝⠑ ⠇⠑⠁⠗⠝⠊⠝⠛ ⠊⠎ ⠋⠁⠎⠉⠊⠝⠁⠞⠊⠝⠛⠲
I like programming.,⠊ ⠇⠊⠅⠑ ⠏⠗⠕⠛⠗⠁⠍⠍⠊⠝⠛⠲
Braille is a tactile writing system.,⠃⠗⠁⠊⠇⠇⠑ ⠊⠎ ⠁ ⠞⠁⠉⠞⠊⠇⠑ ⠺⠗⠊⠞⠊⠝⠛ ⠎⠽⠎⠞⠑⠍⠲
Braille is a tactile writing system.,⠃⠗⠁⠊⠇⠇⠑ ⠊⠎ ⠁ ⠞⠁⠉⠞⠊⠇⠑ ⠺⠗⠊⠞⠊⠝⠛ ⠎⠽⠎⠞⠑⠍⠲
Hello world.,⠓⠑⠇⠇⠕ ⠺⠕⠗⠇⠙⠲
Python is fun.,⠏⠽⠞⠓⠕⠝ ⠊⠎ ⠋⠥⠝⠲
I like programming.,⠊ ⠇⠊⠅⠑ ⠏⠗⠕⠛⠗⠁⠍⠍⠊⠝⠛⠲
This is a test sentence.,⠞⠓⠊⠎ ⠊⠎ ⠁ ⠞⠑⠎⠞ ⠎⠑⠝⠞⠑⠝⠉⠑⠲
This dataset is synthetic.,⠞⠓⠊⠎ ⠙⠁⠞⠁⠎⠑⠞ ⠊⠎ ⠎⠽⠝⠞⠓⠑⠞⠊⠉⠲
Machine learning is fascinating.,⠍⠁⠉⠓⠊⠝⠑ ⠇⠑⠁⠗⠝⠊⠝⠛ ⠊⠎ ⠋⠁⠎⠉⠊⠝⠁⠞⠊⠝⠛⠲
This is a test sentence.,⠞⠓⠊⠎ ⠊⠎ ⠁ ⠞⠑⠎⠞ ⠎⠑⠝⠞⠑⠝⠉⠑⠲
Machine learning is fascinating.,⠍⠁⠉⠓⠊⠝⠑ ⠇⠑⠁⠗⠝⠊⠝⠛ ⠊⠎ ⠋⠁⠎⠉⠊⠝⠁⠞⠊⠝⠛⠲
Machine learning is fascinating.,⠍⠁⠉⠓⠊⠝⠑ ⠇⠑⠁⠗⠝⠊⠝⠛ ⠊⠎ ⠋⠁⠎⠉⠊⠝⠁⠞⠊⠝⠛⠲
Can you understand this text?,⠉⠁⠝ ⠽⠕⠥ ⠥⠝⠙⠑⠗⠎⠞⠁⠝⠙ ⠞⠓⠊⠎ ⠞⠑⠭⠞⠦
Python is fun.,⠏⠽⠞⠓⠕⠝ ⠊⠎ ⠋⠥⠝⠲
This dataset is synthetic.,⠞⠓⠊⠎ ⠙⠁⠞⠁⠎⠑⠞ ⠊⠎ ⠎⠽⠝⠞⠓⠑⠞⠊⠉⠲
I like programming.,⠊ ⠇⠊⠅⠑ ⠏⠗⠕⠛⠗⠁⠍⠍⠊⠝⠛⠲
Braille is a tactile writing system.,⠃⠗⠁⠊⠇⠇⠑ ⠊⠎ ⠁ ⠞⠁⠉⠞⠊⠇⠑ ⠺⠗⠊⠞⠊⠝⠛ ⠎⠽⠎⠞⠑⠍⠲
This dataset is synthetic.,⠞⠓⠊⠎ ⠙⠁⠞⠁⠎⠑⠞ ⠊⠎ ⠎⠽⠝⠞⠓⠑⠞⠊⠉⠲
I like programming.,⠊ ⠇⠊⠅⠑ ⠏⠗⠕⠛⠗⠁⠍⠍⠊⠝⠛⠲
This dataset is synthetic.,⠞⠓⠊⠎ ⠙⠁⠞⠁⠎⠑⠞ ⠊⠎ ⠎⠽⠝⠞⠓⠑⠞⠊⠉⠲
Hello world.,⠓⠑⠇⠇⠕ ⠺⠕⠗⠇⠙⠲
Accessibility matters.,⠁⠉⠉⠑⠎⠎⠊⠃⠊⠇⠊⠞⠽ ⠍⠁⠞⠞⠑⠗⠎⠲
Machine learning is fascinating.,⠍⠁⠉⠓⠊⠝⠑ ⠇⠑⠁⠗⠝⠊⠝⠛ ⠊⠎ ⠋⠁⠎⠉⠊⠝⠁⠞⠊⠝⠛⠲
Braille is a tactile writing system.,⠃⠗⠁⠊⠇⠇⠑ ⠊⠎ ⠁ ⠞⠁⠉⠞⠊⠇⠑ ⠺⠗⠊⠞⠊⠝⠛ ⠎⠽⠎⠞⠑⠍⠲
Python is fun.,⠏⠽⠞⠓⠕⠝ ⠊⠎ ⠋⠥⠝⠲
Python is fun.,⠏⠽⠞⠓⠕⠝ ⠊⠎ ⠋⠥⠝⠲
Python is fun.,⠏⠽⠞⠓⠕⠝ ⠊⠎ ⠋⠥⠝⠲
Can you understand this text?,⠉⠁⠝ ⠽⠕⠥ ⠥⠝⠙⠑⠗⠎⠞⠁⠝⠙ ⠞⠓⠊⠎ ⠞⠑⠭⠞⠦
Can you understand this text?,⠉⠁⠝ ⠽⠕⠥ ⠥⠝⠙⠑⠗⠎⠞⠁⠝⠙ ⠞⠓⠊⠎ ⠞⠑⠭⠞⠦
This dataset is synthetic.,⠞⠓⠊⠎ ⠙⠁⠞⠁⠎⠑⠞ ⠊⠎ ⠎⠽⠝⠞⠓⠑⠞⠊⠉⠲
Hello world.,⠓⠑⠇⠇⠕ ⠺⠕⠗⠇⠙⠲
How do you read this?,⠓⠕⠺ ⠙⠕ ⠽⠕⠥ ⠗⠑⠁⠙ ⠞⠓⠊⠎⠦
Python is fun.,⠏⠽⠞⠓⠕⠝ ⠊⠎ ⠋⠥⠝⠲
Hello world.,⠓⠑⠇⠇⠕ ⠺⠕⠗⠇⠙⠲
Can you understand this text?,⠉⠁⠝ ⠽⠕⠥ ⠥⠝⠙⠑⠗⠎⠞⠁⠝⠙ ⠞⠓⠊⠎ ⠞⠑⠭⠞⠦
Machine learning is fascinating.,⠍⠁⠉⠓⠊⠝⠑ ⠇⠑⠁⠗⠝⠊⠝⠛ ⠊⠎ ⠋⠁⠎⠉⠊⠝⠁⠞⠊⠝⠛⠲
Hello world.,⠓⠑⠇⠇⠕ ⠺⠕⠗⠇⠙⠲
Braille is a tactile writing system.,⠃⠗⠁⠊⠇⠇⠑ ⠊⠎ ⠁ ⠞⠁⠉⠞⠊⠇⠑ ⠺⠗⠊⠞⠊⠝⠛ ⠎⠽⠎⠞⠑⠍⠲
Braille is a tactile writing system.,⠃⠗⠁⠊⠇⠇⠑ ⠊⠎ ⠁ ⠞⠁⠉⠞⠊⠇⠑ ⠺⠗⠊⠞⠊⠝⠛ ⠎⠽⠎⠞⠑⠍⠲
How do you read this?,⠓⠕⠺ ⠙⠕ ⠽⠕⠥ ⠗⠑⠁⠙ ⠞⠓⠊⠎⠦
Python is fun.,⠏⠽⠞⠓⠕⠝ ⠊⠎ ⠋⠥⠝⠲
How do you read this?,⠓⠕⠺ ⠙⠕ ⠽⠕⠥ ⠗⠑⠁⠙ ⠞⠓⠊⠎⠦
This dataset is synthetic.,⠞⠓⠊⠎ ⠙⠁⠞⠁⠎⠑⠞ ⠊⠎ ⠎⠽⠝⠞⠓⠑⠞⠊⠉⠲
Can you understand this text?,⠉⠁⠝ ⠽⠕⠥ ⠥⠝⠙⠑⠗⠎⠞⠁⠝⠙ ⠞⠓⠊⠎ ⠞⠑⠭⠞⠦
Machine learning is fascinating.,⠍⠁⠉⠓⠊⠝⠑ ⠇⠑⠁⠗⠝⠊⠝⠛ ⠊⠎ ⠋⠁⠎⠉⠊⠝⠁⠞⠊⠝⠛⠲
How do you read this?,⠓⠕⠺ ⠙⠕ ⠽⠕⠥ ⠗⠑⠁⠙ ⠞⠓⠊⠎⠦
This dataset is synthetic.,⠞⠓⠊⠎ ⠙⠁⠞⠁⠎⠑⠞ ⠊⠎ ⠎⠽⠝⠞⠓⠑⠞⠊⠉⠲
Accessibility matters.,⠁⠉⠉⠑⠎⠎⠊⠃⠊⠇⠊⠞⠽ ⠍⠁⠞⠞⠑⠗⠎⠲
Accessibility matters.,⠁⠉⠉⠑⠎⠎⠊⠃⠊⠇⠊⠞⠽ ⠍⠁⠞⠞⠑⠗⠎⠲
Accessibility matters.,⠁⠉⠉⠑⠎⠎⠊⠃⠊⠇⠊⠞⠽ ⠍⠁⠞⠞⠑⠗⠎⠲
Hello world.,⠓⠑⠇⠇⠕ ⠺⠕⠗⠇⠙⠲
How do you read this?,⠓⠕⠺ ⠙⠕ ⠽⠕⠥ ⠗⠑⠁⠙ ⠞⠓⠊⠎⠦
Python is fun.,⠏⠽⠞⠓⠕⠝ ⠊⠎ ⠋⠥⠝⠲
Hello world.,⠓⠑⠇⠇⠕ ⠺⠕⠗⠇⠙⠲
I like programming.,⠊ ⠇⠊⠅⠑ ⠏⠗⠕⠛⠗⠁⠍⠍⠊⠝⠛⠲
Braille is a tactile writing system.,⠃⠗⠁⠊⠇⠇⠑ ⠊⠎ ⠁ ⠞⠁⠉⠞⠊⠇⠑ ⠺⠗⠊⠞⠊⠝⠛ ⠎⠽⠎⠞⠑⠍⠲
Machine learning is fascinating.,⠍⠁⠉⠓⠊⠝⠑ ⠇⠑⠁⠗⠝⠊⠝⠛ ⠊⠎ ⠋⠁⠎⠉⠊⠝⠁⠞⠊⠝⠛⠲
I like programming.,⠊ ⠇⠊⠅⠑ ⠏⠗⠕⠛⠗⠁⠍⠍⠊⠝⠛⠲
Python is fun.,⠏⠽⠞⠓⠕⠝ ⠊⠎ ⠋⠥⠝⠲
Python is fun.,⠏⠽⠞⠓⠕⠝ ⠊⠎ ⠋⠥⠝⠲
Machine learning is fascinating.,⠍⠁⠉⠓⠊⠝⠑ ⠇⠑⠁⠗⠝⠊⠝⠛ ⠊⠎ ⠋⠁⠎⠉⠊⠝⠁⠞⠊⠝⠛⠲
Machine learning is fascinating.,⠍⠁⠉⠓⠊⠝⠑ ⠇⠑⠁⠗⠝⠊⠝⠛ ⠊⠎ ⠋⠁⠎⠉⠊⠝⠁⠞⠊⠝⠛⠲
Can you understand this text?,⠉⠁⠝ ⠽⠕⠥ ⠥⠝⠙⠑⠗⠎⠞⠁⠝⠙ ⠞⠓⠊⠎ ⠞⠑⠭⠞⠦
Python is fun.,⠏⠽⠞⠓⠕⠝ ⠊⠎ ⠋⠥⠝⠲
Python is fun.,⠏⠽⠞⠓⠕⠝ ⠊⠎ ⠋⠥⠝⠲
Machine learning is fascinating.,⠍⠁⠉⠓⠊⠝⠑ ⠇⠑⠁⠗⠝⠊⠝⠛ ⠊⠎ ⠋⠁⠎⠉⠊⠝⠁⠞⠊⠝⠛⠲
Braille is a tactile writing system.,⠃⠗⠁⠊⠇⠇⠑ ⠊⠎ ⠁ ⠞⠁⠉⠞⠊⠇⠑ ⠺⠗⠊⠞⠊⠝⠛ ⠎⠽⠎⠞⠑⠍⠲
Hello world.,⠓⠑⠇⠇⠕ ⠺⠕⠗⠇⠙⠲
Machine learning is fascinating.,⠍⠁⠉⠓⠊⠝⠑ ⠇⠑⠁⠗⠝⠊⠝⠛ ⠊⠎ ⠋⠁⠎⠉⠊⠝⠁⠞⠊⠝⠛⠲
Python is fun.,⠏⠽⠞⠓⠕⠝ ⠊⠎ ⠋⠥⠝⠲
Accessibility matters.,⠁⠉⠉⠑⠎⠎⠊⠃⠊⠇⠊⠞⠽ ⠍⠁⠞⠞⠑⠗⠎⠲
This dataset is synthetic.,⠞⠓⠊⠎ ⠙⠁⠞⠁⠎⠑⠞ ⠊⠎ ⠎⠽⠝⠞⠓⠑⠞⠊⠉⠲
Can you understand this text?,⠉⠁⠝ ⠽⠕⠥ ⠥⠝⠙⠑⠗⠎⠞⠁⠝⠙ ⠞⠓⠊⠎ ⠞⠑⠭⠞⠦
This is a test sentence.,⠞⠓⠊⠎ ⠊⠎ ⠁ ⠞⠑⠎⠞ ⠎⠑⠝⠞⠑⠝⠉⠑⠲
Hello world.,⠓⠑⠇⠇⠕ ⠺⠕⠗⠇⠙⠲
Can you understand this text?,⠉⠁⠝ ⠽⠕⠥ ⠥⠝⠙⠑⠗⠎⠞⠁⠝⠙ ⠞⠓⠊⠎ ⠞⠑⠭⠞⠦
Accessibility matters.,⠁⠉⠉⠑⠎⠎⠊⠃⠊⠇⠊⠞⠽ ⠍⠁⠞⠞⠑⠗⠎⠲
Braille is a tactile writing system.,⠃⠗⠁⠊⠇⠇⠑ ⠊⠎ ⠁ ⠞⠁⠉⠞⠊⠇⠑ ⠺⠗⠊⠞⠊⠝⠛ ⠎⠽⠎⠞⠑⠍⠲
Python is fun.,⠏⠽⠞⠓⠕⠝ ⠊⠎ ⠋⠥⠝⠲
Hello world.,⠓⠑⠇⠇⠕ ⠺⠕⠗⠇⠙⠲
Hello world.,⠓⠑⠇⠇⠕ ⠺⠕⠗⠇⠙⠲
Can you understand this text?,⠉⠁⠝ ⠽⠕⠥ ⠥⠝⠙⠑⠗⠎⠞⠁⠝⠙ ⠞⠓⠊⠎ ⠞⠑⠭⠞⠦
How do you read this?,⠓⠕⠺ ⠙⠕ ⠽⠕⠥ ⠗⠑⠁⠙ ⠞⠓⠊⠎⠦
Machine learning is fascinating.,⠍⠁⠉⠓⠊⠝⠑ ⠇⠑⠁⠗⠝⠊⠝⠛ ⠊⠎ ⠋⠁⠎⠉⠊⠝⠁⠞⠊⠝⠛⠲
Can you understand this text?,⠉⠁⠝ ⠽⠕⠥ ⠥⠝⠙⠑⠗⠎⠞⠁⠝⠙ ⠞⠓⠊⠎ ⠞⠑⠭⠞⠦
Python is fun.,⠏⠽⠞⠓⠕⠝ ⠊⠎ ⠋⠥⠝⠲
Accessibility matters.,⠁⠉⠉⠑⠎⠎⠊⠃⠊⠇⠊⠞⠽ ⠍⠁⠞⠞⠑⠗⠎⠲
This dataset is synthetic.,⠞⠓⠊⠎ ⠙⠁⠞⠁⠎⠑⠞ ⠊⠎ ⠎⠽⠝⠞⠓⠑⠞⠊⠉⠲
How do you read this?,⠓⠕⠺ ⠙⠕ ⠽⠕⠥ ⠗⠑⠁⠙ ⠞⠓⠊⠎⠦
Braille is a tactile writing system.,⠃⠗⠁⠊⠇⠇⠑ ⠊⠎ ⠁ ⠞⠁⠉⠞⠊⠇⠑ ⠺⠗⠊⠞⠊⠝⠛ ⠎⠽⠎⠞⠑⠍⠲
Accessibility matters.,⠁⠉⠉⠑⠎⠎⠊⠃⠊⠇⠊⠞⠽ ⠍⠁⠞⠞⠑⠗⠎⠲
I like programming.,⠊ ⠇⠊⠅⠑ ⠏⠗⠕⠛⠗⠁⠍⠍⠊⠝⠛⠲
How do you read this?,⠓⠕⠺ ⠙⠕ ⠽⠕⠥ ⠗⠑⠁⠙ ⠞⠓⠊⠎⠦
Machine learning is fascinating.,⠍⠁⠉⠓⠊⠝⠑ ⠇⠑⠁⠗⠝⠊⠝⠛ ⠊⠎ ⠋⠁⠎⠉⠊⠝⠁⠞⠊⠝⠛⠲
This is a test sentence.,⠞⠓⠊⠎ ⠊⠎ ⠁ ⠞⠑⠎⠞ ⠎⠑⠝⠞⠑⠝⠉⠑⠲
This dataset is synthetic.,⠞⠓⠊⠎ ⠙⠁⠞⠁⠎⠑⠞ ⠊⠎ ⠎⠽⠝⠞⠓⠑⠞⠊⠉⠲
Can you understand this text?,⠉⠁⠝ ⠽⠕⠥ ⠥⠝⠙⠑⠗⠎⠞⠁⠝⠙ ⠞⠓⠊⠎ ⠞⠑⠭⠞⠦
Python is fun.,⠏⠽⠞⠓⠕⠝ ⠊⠎ ⠋⠥⠝⠲
Can you understand this text?,⠉⠁⠝ ⠽⠕⠥ ⠥⠝⠙⠑⠗⠎⠞⠁⠝⠙ ⠞⠓⠊⠎ ⠞⠑⠭⠞⠦
Hello world.,⠓⠑⠇⠇⠕ ⠺⠕⠗⠇⠙⠲
This dataset is synthetic.,⠞⠓⠊⠎ ⠙⠁⠞⠁⠎⠑⠞ ⠊⠎ ⠎⠽⠝⠞⠓⠑⠞⠊⠉⠲
Accessibility matters.,⠁⠉⠉⠑⠎⠎⠊⠃⠊⠇⠊⠞⠽ ⠍⠁⠞⠞⠑⠗⠎⠲
This dataset is synthetic.,⠞⠓⠊⠎ ⠙⠁⠞⠁⠎⠑⠞ ⠊⠎ ⠎⠽⠝⠞⠓⠑⠞⠊⠉⠲
How do you read this?,⠓⠕⠺ ⠙⠕ ⠽⠕⠥ ⠗⠑⠁⠙ ⠞⠓⠊⠎⠦
Python is fun.,⠏⠽⠞⠓⠕⠝ ⠊⠎ ⠋⠥⠝⠲
Accessibility matters.,⠁⠉⠉⠑⠎⠎⠊⠃⠊⠇⠊⠞⠽ ⠍⠁⠞⠞⠑⠗⠎⠲
Python is fun.,⠏⠽⠞⠓⠕⠝ ⠊⠎ ⠋⠥⠝⠲
How do you read this?,⠓⠕⠺ ⠙⠕ ⠽⠕⠥ ⠗⠑⠁⠙ ⠞⠓⠊⠎⠦
Accessibility matters.,⠁⠉⠉⠑⠎⠎⠊⠃⠊⠇⠊⠞⠽ ⠍⠁⠞⠞⠑⠗⠎⠲
Accessibility matters.,⠁⠉⠉⠑⠎⠎⠊⠃⠊⠇⠊⠞⠽ ⠍⠁⠞⠞⠑⠗⠎⠲
Can you understand this text?,⠉⠁⠝ ⠽⠕⠥ ⠥⠝⠙⠑⠗⠎⠞⠁⠝⠙ ⠞⠓⠊⠎ ⠞⠑⠭⠞⠦
Machine learning is fascinating.,⠍⠁⠉⠓⠊⠝⠑ ⠇⠑⠁⠗⠝⠊⠝⠛ ⠊⠎ ⠋⠁⠎⠉⠊⠝⠁⠞⠊⠝⠛⠲
Machine learning is fascinating.,⠍⠁⠉⠓⠊⠝⠑ ⠇⠑⠁⠗⠝⠊⠝⠛ ⠊⠎ ⠋⠁⠎⠉⠊⠝⠁⠞⠊⠝⠛⠲
This dataset is synthetic.,⠞⠓⠊⠎ ⠙⠁⠞⠁⠎⠑⠞ ⠊⠎ ⠎⠽⠝⠞⠓⠑⠞⠊⠉⠲
This dataset is synthetic.,⠞⠓⠊⠎ ⠙⠁⠞⠁⠎⠑⠞ ⠊⠎ ⠎⠽⠝⠞⠓⠑⠞⠊⠉⠲
Accessibility matters.,⠁⠉⠉⠑⠎⠎⠊⠃⠊⠇⠊⠞⠽ ⠍⠁⠞⠞⠑⠗⠎⠲
Hello world.,⠓⠑⠇⠇⠕ ⠺⠕⠗⠇⠙⠲
This is a test sentence.,⠞⠓⠊⠎ ⠊⠎ ⠁ ⠞⠑⠎⠞ ⠎⠑⠝⠞⠑⠝⠉⠑⠲
Accessibility matters.,⠁⠉⠉⠑⠎⠎⠊⠃⠊⠇⠊⠞⠽ ⠍⠁⠞⠞⠑⠗⠎⠲
How do you read this?,⠓⠕⠺ ⠙⠕ ⠽⠕⠥ ⠗⠑⠁⠙ ⠞⠓⠊⠎⠦
This dataset is synthetic.,⠞⠓⠊⠎ ⠙⠁⠞⠁⠎⠑⠞ ⠊⠎ ⠎⠽⠝⠞⠓⠑⠞⠊⠉⠲
Braille is a tactile writing system.,⠃⠗⠁⠊⠇⠇⠑ ⠊⠎ ⠁ ⠞⠁⠉⠞⠊⠇⠑ ⠺⠗⠊⠞⠊⠝⠛ ⠎⠽⠎⠞⠑⠍⠲
Hello world.,⠓⠑⠇⠇⠕ ⠺⠕⠗⠇⠙⠲
Machine learning is fascinating.,⠍⠁⠉⠓⠊⠝⠑ ⠇⠑⠁⠗⠝⠊⠝⠛ ⠊⠎ ⠋⠁⠎⠉⠊⠝⠁⠞⠊⠝⠛⠲
Hello world.,⠓⠑⠇⠇⠕ ⠺⠕⠗⠇⠙⠲
Accessibility matters.,⠁⠉⠉⠑⠎⠎⠊⠃⠊⠇⠊⠞⠽ ⠍⠁⠞⠞⠑⠗⠎⠲
This dataset is synthetic.,⠞⠓⠊⠎ ⠙⠁⠞⠁⠎⠑⠞ ⠊⠎ ⠎⠽⠝⠞⠓⠑⠞⠊⠉⠲
I like programming.,⠊ ⠇⠊⠅⠑ ⠏⠗⠕⠛⠗⠁⠍⠍⠊⠝⠛⠲
This is a test sentence.,⠞⠓⠊⠎ ⠊⠎ ⠁ ⠞⠑⠎⠞ ⠎⠑⠝⠞⠑⠝⠉⠑⠲
This is a test sentence.,⠞⠓⠊⠎ ⠊⠎ ⠁ ⠞⠑⠎⠞ ⠎⠑⠝⠞⠑⠝⠉⠑⠲
Python is fun.,⠏⠽⠞⠓⠕⠝ ⠊⠎ ⠋⠥⠝⠲
How do you read this?,⠓⠕⠺ ⠙⠕ ⠽⠕⠥ ⠗⠑⠁⠙ ⠞⠓⠊⠎⠦
This dataset is synthetic.,⠞⠓⠊⠎ ⠙⠁⠞⠁⠎⠑⠞ ⠊⠎ ⠎⠽⠝⠞⠓⠑⠞⠊⠉⠲
Machine learning is fascinating.,⠍⠁⠉⠓⠊⠝⠑ ⠇⠑⠁⠗⠝⠊⠝⠛ ⠊⠎ ⠋⠁⠎⠉⠊⠝⠁⠞⠊⠝⠛⠲
How do you read this?,⠓⠕⠺ ⠙⠕ ⠽⠕⠥ ⠗⠑⠁⠙ ⠞⠓⠊⠎⠦
This dataset is synthetic.,⠞⠓⠊⠎ ⠙⠁⠞⠁⠎⠑⠞ ⠊⠎ ⠎⠽⠝⠞⠓⠑⠞⠊⠉⠲
Hello world.,⠓⠑⠇⠇⠕ ⠺⠕⠗⠇⠙⠲
Hello world.,⠓⠑⠇⠇⠕ ⠺⠕⠗⠇⠙⠲
This is a test sentence.,⠞⠓⠊⠎ ⠊⠎ ⠁ ⠞⠑⠎⠞ ⠎⠑⠝⠞⠑⠝⠉⠑⠲
Accessibility matters.,⠁⠉⠉⠑⠎⠎⠊⠃⠊⠇⠊⠞⠽ ⠍⠁⠞⠞⠑⠗⠎⠲
This dataset is synthetic.,⠞⠓⠊⠎ ⠙⠁⠞⠁⠎⠑⠞ ⠊⠎ ⠎⠽⠝⠞⠓⠑⠞⠊⠉⠲
Machine learning is fascinating.,⠍⠁⠉⠓⠊⠝⠑ ⠇⠑⠁⠗⠝⠊⠝⠛ ⠊⠎ ⠋⠁⠎⠉⠊⠝⠁⠞⠊⠝⠛⠲
Python is fun.,⠏⠽⠞⠓⠕⠝ ⠊⠎ ⠋⠥⠝⠲
Python is fun.,⠏⠽⠞⠓⠕⠝ ⠊⠎ ⠋⠥⠝⠲
Python is fun.,⠏⠽⠞⠓⠕⠝ ⠊⠎ ⠋⠥⠝⠲
Python is fun.,⠏⠽⠞⠓⠕⠝ ⠊⠎ ⠋⠥⠝⠲
Machine learning is fascinating.,⠍⠁⠉⠓⠊⠝⠑ ⠇⠑⠁⠗⠝⠊⠝⠛ ⠊⠎ ⠋⠁⠎⠉⠊⠝⠁⠞⠊⠝⠛⠲
Braille is a tactile writing system.,⠃⠗⠁⠊⠇⠇⠑ ⠊⠎ ⠁ ⠞⠁⠉⠞⠊⠇⠑ ⠺⠗⠊⠞⠊⠝⠛ ⠎⠽⠎⠞⠑⠍⠲
Machine learning is fascinating.,⠍⠁⠉⠓⠊⠝⠑ ⠇⠑⠁⠗⠝⠊⠝⠛ ⠊⠎ ⠋⠁⠎⠉⠊⠝⠁⠞⠊⠝⠛⠲
I like programming.,⠊ ⠇⠊⠅⠑ ⠏⠗⠕⠛⠗⠁⠍⠍⠊⠝⠛⠲
This dataset is synthetic.,⠞⠓⠊⠎ ⠙⠁⠞⠁⠎⠑⠞ ⠊⠎ ⠎⠽⠝⠞⠓⠑⠞⠊⠉⠲
This is a test sentence.,⠞⠓⠊⠎ ⠊⠎ ⠁ ⠞⠑⠎⠞ ⠎⠑⠝⠞⠑⠝⠉⠑⠲
I like programming.,⠊ ⠇⠊⠅⠑ ⠏⠗⠕⠛⠗⠁⠍⠍⠊⠝⠛⠲
Accessibility matters.,⠁⠉⠉⠑⠎⠎⠊⠃⠊⠇⠊⠞⠽ ⠍⠁⠞⠞⠑⠗⠎⠲
This dataset is synthetic.,⠞⠓⠊⠎ ⠙⠁⠞⠁⠎⠑⠞ ⠊⠎ ⠎⠽⠝⠞⠓⠑⠞⠊⠉⠲
Python is fun.,⠏⠽⠞⠓⠕⠝ ⠊⠎ ⠋⠥⠝⠲
This dataset is synthetic.,⠞⠓⠊⠎ ⠙⠁⠞⠁⠎⠑⠞ ⠊⠎ ⠎⠽⠝⠞⠓⠑⠞⠊⠉⠲
Accessibility matters.,⠁⠉⠉⠑⠎⠎⠊⠃⠊⠇⠊⠞⠽ ⠍⠁⠞⠞⠑⠗⠎⠲
Can you understand this text?,⠉⠁⠝ ⠽⠕⠥ ⠥⠝⠙⠑⠗⠎⠞⠁⠝⠙ ⠞⠓⠊⠎ ⠞⠑⠭⠞⠦
This dataset is synthetic.,⠞⠓⠊⠎ ⠙⠁⠞⠁⠎⠑⠞ ⠊⠎ ⠎⠽⠝⠞⠓⠑⠞⠊⠉⠲
This dataset is synthetic.,⠞⠓⠊⠎ ⠙⠁⠞⠁⠎⠑⠞ ⠊⠎ ⠎⠽⠝⠞⠓⠑⠞⠊⠉⠲
This is a test sentence.,⠞⠓⠊⠎ ⠊⠎ ⠁ ⠞⠑⠎⠞ ⠎⠑⠝⠞⠑⠝⠉⠑⠲
Can you understand this text?,⠉⠁⠝ ⠽⠕⠥ ⠥⠝⠙⠑⠗⠎⠞⠁⠝⠙ ⠞⠓⠊⠎ ⠞⠑⠭⠞⠦
Braille is a tactile writing system.,⠃⠗⠁⠊⠇⠇⠑ ⠊⠎ ⠁ ⠞⠁⠉⠞⠊⠇⠑ ⠺⠗⠊⠞⠊⠝⠛ ⠎⠽⠎⠞⠑⠍⠲
Python is fun.,⠏⠽⠞⠓⠕⠝ ⠊⠎ ⠋⠥⠝⠲
Accessibility matters.,⠁⠉⠉⠑⠎⠎⠊⠃⠊⠇⠊⠞⠽ ⠍⠁⠞⠞⠑⠗⠎⠲
Can you understand this text?,⠉⠁⠝ ⠽⠕⠥ ⠥⠝⠙⠑⠗⠎⠞⠁⠝⠙ ⠞⠓⠊⠎ ⠞⠑⠭⠞⠦
Machine learning is fascinating.,⠍⠁⠉⠓⠊⠝⠑ ⠇⠑⠁⠗⠝⠊⠝⠛ ⠊⠎ ⠋⠁⠎⠉⠊⠝⠁⠞⠊⠝⠛⠲
Hello world.,⠓⠑⠇⠇⠕ ⠺⠕⠗⠇⠙⠲
Accessibility matters.,⠁⠉⠉⠑⠎⠎⠊⠃⠊⠇⠊⠞⠽ ⠍⠁⠞⠞⠑⠗⠎⠲
Machine learning is fascinating.,⠍⠁⠉⠓⠊⠝⠑ ⠇⠑⠁⠗⠝⠊⠝⠛ ⠊⠎ ⠋⠁⠎⠉⠊⠝⠁⠞⠊⠝⠛⠲
I like programming.,⠊ ⠇⠊⠅⠑ ⠏⠗⠕⠛⠗⠁⠍⠍⠊⠝⠛⠲
This is a test sentence.,⠞⠓⠊⠎ ⠊⠎ ⠁ ⠞⠑⠎⠞ ⠎⠑⠝⠞⠑⠝⠉⠑⠲
Accessibility matters.,⠁⠉⠉⠑⠎⠎⠊⠃⠊⠇⠊⠞⠽ ⠍⠁⠞⠞⠑⠗⠎⠲
Machine learning is fascinating.,⠍⠁⠉⠓⠊⠝⠑ ⠇⠑⠁⠗⠝⠊⠝⠛ ⠊⠎ ⠋⠁⠎⠉⠊⠝⠁⠞⠊⠝⠛⠲
I like programming.,⠊ ⠇⠊⠅⠑ ⠏⠗⠕⠛⠗⠁⠍⠍⠊⠝⠛⠲
This is a test sentence.,⠞⠓⠊⠎ ⠊⠎ ⠁ ⠞⠑⠎⠞ ⠎⠑⠝⠞⠑⠝⠉⠑⠲
Hello world.,⠓⠑⠇⠇⠕ ⠺⠕⠗⠇⠙⠲
I like programming.,⠊ ⠇⠊⠅⠑ ⠏⠗⠕⠛⠗⠁⠍⠍⠊⠝⠛⠲
This dataset is synthetic.,⠞⠓⠊⠎ ⠙⠁⠞⠁⠎⠑⠞ ⠊⠎ ⠎⠽⠝⠞⠓⠑⠞⠊⠉⠲
I like programming.,⠊ ⠇⠊⠅⠑ ⠏⠗⠕⠛⠗⠁⠍⠍⠊⠝⠛⠲
Machine learning is fascinating.,⠍⠁⠉⠓⠊⠝⠑ ⠇⠑⠁⠗⠝⠊⠝⠛ ⠊⠎ ⠋⠁⠎⠉⠊⠝⠁⠞⠊⠝⠛⠲
How do you read this?,⠓⠕⠺ ⠙⠕ ⠽⠕⠥ ⠗⠑⠁⠙ ⠞⠓⠊⠎⠦
How do you read this?,⠓⠕⠺ ⠙⠕ ⠽⠕⠥ ⠗⠑⠁⠙ ⠞⠓⠊⠎⠦
Can you understand this text?,⠉⠁⠝ ⠽⠕⠥ ⠥⠝⠙⠑⠗⠎⠞⠁⠝⠙ ⠞⠓⠊⠎ ⠞⠑⠭⠞⠦
Can you understand this text?,⠉⠁⠝ ⠽⠕⠥ ⠥⠝⠙⠑⠗⠎⠞⠁⠝⠙ ⠞⠓⠊⠎ ⠞⠑⠭⠞⠦
This is a test sentence.,⠞⠓⠊⠎ ⠊⠎ ⠁ ⠞⠑⠎⠞ ⠎⠑⠝⠞⠑⠝⠉⠑⠲
Hello world.,⠓⠑⠇⠇⠕ ⠺⠕⠗⠇⠙⠲
Can you understand this text?,⠉⠁⠝ ⠽⠕⠥ ⠥⠝⠙⠑⠗⠎⠞⠁⠝⠙ ⠞⠓⠊⠎ ⠞⠑⠭⠞⠦
Hello world.,⠓⠑⠇⠇⠕ ⠺⠕⠗⠇⠙⠲
Hello world.,⠓⠑⠇⠇⠕ ⠺⠕⠗⠇⠙⠲
Python is fun.,⠏⠽⠞⠓⠕⠝ ⠊⠎ ⠋⠥⠝⠲
Python is fun.,⠏⠽⠞⠓⠕⠝ ⠊⠎ ⠋⠥⠝⠲
This dataset is synthetic.,⠞⠓⠊⠎ ⠙⠁⠞⠁⠎⠑⠞ ⠊⠎ ⠎⠽⠝⠞⠓⠑⠞⠊⠉⠲
How do you read this?,⠓⠕⠺ ⠙⠕ ⠽⠕⠥ ⠗⠑⠁⠙ ⠞⠓⠊⠎⠦
This dataset is synthetic.,⠞⠓⠊⠎ ⠙⠁⠞⠁⠎⠑⠞ ⠊⠎ ⠎⠽⠝⠞⠓⠑⠞⠊⠉⠲
This dataset is synthetic.,⠞⠓⠊⠎ ⠙⠁⠞⠁⠎⠑⠞ ⠊⠎ ⠎⠽⠝⠞⠓⠑⠞⠊⠉⠲
Python is fun.,⠏⠽⠞⠓⠕⠝ ⠊⠎ ⠋⠥⠝⠲
Braille is a tactile writing system.,⠃⠗⠁⠊⠇⠇⠑ ⠊⠎ ⠁ ⠞⠁⠉⠞⠊⠇⠑ ⠺⠗⠊⠞⠊⠝⠛ ⠎⠽⠎⠞⠑⠍⠲
Python is fun.,⠏⠽⠞⠓⠕⠝ ⠊⠎ ⠋⠥⠝⠲
This is a test sentence.,⠞⠓⠊⠎ ⠊⠎ ⠁ ⠞⠑⠎⠞ ⠎⠑⠝⠞⠑⠝⠉⠑⠲
Braille is a tactile writing system.,⠃⠗⠁⠊⠇⠇⠑ ⠊⠎ ⠁ ⠞⠁⠉⠞⠊⠇⠑ ⠺⠗⠊⠞⠊⠝⠛ ⠎⠽⠎⠞⠑⠍⠲
Accessibility matters.,⠁⠉⠉⠑⠎⠎⠊⠃⠊⠇⠊⠞⠽ ⠍⠁⠞⠞⠑⠗⠎⠲
Python is fun.,⠏⠽⠞⠓⠕⠝ ⠊⠎ ⠋⠥⠝⠲
Can you understand this text?,⠉⠁⠝ ⠽⠕⠥ ⠥⠝⠙⠑⠗⠎⠞⠁⠝⠙ ⠞⠓⠊⠎ ⠞⠑⠭⠞⠦
This is a test sentence.,⠞⠓⠊⠎ ⠊⠎ ⠁ ⠞⠑⠎⠞ ⠎⠑⠝⠞⠑⠝⠉⠑⠲
This is a test sentence.,⠞⠓⠊⠎ ⠊⠎ ⠁ ⠞⠑⠎⠞ ⠎⠑⠝⠞⠑⠝⠉⠑⠲
Hello world.,⠓⠑⠇⠇⠕ ⠺⠕⠗⠇⠙⠲
How do you read this?,⠓⠕⠺ ⠙⠕ ⠽⠕⠥ ⠗⠑⠁⠙ ⠞⠓⠊⠎⠦
I like programming.,⠊ ⠇⠊⠅⠑ ⠏⠗⠕⠛⠗⠁⠍⠍⠊⠝⠛⠲
This dataset is synthetic.,⠞⠓⠊⠎ ⠙⠁⠞⠁⠎⠑⠞ ⠊⠎ ⠎⠽⠝⠞⠓⠑⠞⠊⠉⠲
This is a test sentence.,⠞⠓⠊⠎ ⠊⠎ ⠁ ⠞⠑⠎⠞ ⠎⠑⠝⠞⠑⠝⠉⠑⠲
Braille is a tactile writing system.,⠃⠗⠁⠊⠇⠇⠑ ⠊⠎ ⠁ ⠞⠁⠉⠞⠊⠇⠑ ⠺⠗⠊⠞⠊⠝⠛ ⠎⠽⠎⠞⠑⠍⠲
Hello world.,⠓⠑⠇⠇⠕ ⠺⠕⠗⠇⠙⠲
How do you read this?,⠓⠕⠺ ⠙⠕ ⠽⠕⠥ ⠗⠑⠁⠙ ⠞⠓⠊⠎⠦
Python is fun.,⠏⠽⠞⠓⠕⠝ ⠊⠎ ⠋⠥⠝⠲
I like programming.,⠊ ⠇⠊⠅⠑ ⠏⠗⠕⠛⠗⠁⠍⠍⠊⠝⠛⠲
I like programming.,⠊ ⠇⠊⠅⠑ ⠏⠗⠕⠛⠗⠁⠍⠍⠊⠝⠛⠲
This dataset is synthetic.,⠞⠓⠊⠎ ⠙⠁⠞⠁⠎⠑⠞ ⠊⠎ ⠎⠽⠝⠞⠓⠑⠞⠊⠉⠲
This dataset is synthetic.,⠞⠓⠊⠎ ⠙⠁⠞⠁⠎⠑⠞ ⠊⠎ ⠎⠽⠝⠞⠓⠑⠞⠊⠉⠲
Braille is a tactile writing system.,⠃⠗⠁⠊⠇⠇⠑ ⠊⠎ ⠁ ⠞⠁⠉⠞⠊⠇⠑ ⠺⠗⠊⠞⠊⠝⠛ ⠎⠽⠎⠞⠑⠍⠲
Python is fun.,⠏⠽⠞⠓⠕⠝ ⠊⠎ ⠋⠥⠝⠲
Python is fun.,⠏⠽⠞⠓⠕⠝ ⠊⠎ ⠋⠥⠝⠲
I like programming.,⠊ ⠇⠊⠅⠑ ⠏⠗⠕⠛⠗⠁⠍⠍⠊⠝⠛⠲
I like programming.,⠊ ⠇⠊⠅⠑ ⠏⠗⠕⠛⠗⠁⠍⠍⠊⠝⠛⠲
This is a test sentence.,⠞⠓⠊⠎ ⠊⠎ ⠁ ⠞⠑⠎⠞ ⠎⠑⠝⠞⠑⠝⠉⠑⠲
Machine learning is fascinating.,⠍⠁⠉⠓⠊⠝⠑ ⠇⠑⠁⠗⠝⠊⠝⠛ ⠊⠎ ⠋⠁⠎⠉⠊⠝⠁⠞⠊⠝⠛⠲
Accessibility matters.,⠁⠉⠉⠑⠎⠎⠊⠃⠊⠇⠊⠞⠽ ⠍⠁⠞⠞⠑⠗⠎⠲
How do you read this?,⠓⠕⠺ ⠙⠕ ⠽⠕⠥ ⠗⠑⠁⠙ ⠞⠓⠊⠎⠦
I like programming.,⠊ ⠇⠊⠅⠑ ⠏⠗⠕⠛⠗⠁⠍⠍⠊⠝⠛⠲
Machine learning is fascinating.,⠍⠁⠉⠓⠊⠝⠑ ⠇⠑⠁⠗⠝⠊⠝⠛ ⠊⠎ ⠋⠁⠎⠉⠊⠝⠁⠞⠊⠝⠛⠲
Braille is a tactile writing system.,⠃⠗⠁⠊⠇⠇⠑ ⠊⠎ ⠁ ⠞⠁⠉⠞⠊⠇⠑ ⠺⠗⠊⠞⠊⠝⠛ ⠎⠽⠎⠞⠑⠍⠲
I like programming.,⠊ ⠇⠊⠅⠑ ⠏⠗⠕⠛⠗⠁⠍⠍⠊⠝⠛⠲
Braille is a tactile writing system.,⠃⠗⠁⠊⠇⠇⠑ ⠊⠎ ⠁ ⠞⠁⠉⠞⠊⠇⠑ ⠺⠗⠊⠞⠊⠝⠛ ⠎⠽⠎⠞⠑⠍⠲
This is a test sentence.,⠞⠓⠊⠎ ⠊⠎ ⠁ ⠞⠑⠎⠞ ⠎⠑⠝⠞⠑⠝⠉⠑⠲
How do you read this?,⠓⠕⠺ ⠙⠕ ⠽⠕⠥ ⠗⠑⠁⠙ ⠞⠓⠊⠎⠦
Accessibility matters.,⠁⠉⠉⠑⠎⠎⠊⠃⠊⠇⠊⠞⠽ ⠍⠁⠞⠞⠑⠗⠎⠲
Accessibility matters.,⠁⠉⠉⠑⠎⠎⠊⠃⠊⠇⠊⠞⠽ ⠍⠁⠞⠞⠑⠗⠎⠲
Can you understand this text?,⠉⠁⠝ ⠽⠕⠥ ⠥⠝⠙⠑⠗⠎⠞⠁⠝⠙ ⠞⠓⠊⠎ ⠞⠑⠭⠞⠦
Braille is a tactile writing system.,⠃⠗⠁⠊⠇⠇⠑ ⠊⠎ ⠁ ⠞⠁⠉⠞⠊⠇⠑ ⠺⠗⠊⠞⠊⠝⠛ ⠎⠽⠎⠞⠑⠍⠲
This is a test sentence.,⠞⠓⠊⠎ ⠊⠎ ⠁ ⠞⠑⠎⠞ ⠎⠑⠝⠞⠑⠝⠉⠑⠲
Hello world.,⠓⠑⠇⠇⠕ ⠺⠕⠗⠇⠙⠲
Can you understand this text?,⠉⠁⠝ ⠽⠕⠥ ⠥⠝⠙⠑⠗⠎⠞⠁⠝⠙ ⠞⠓⠊⠎ ⠞⠑⠭⠞⠦
Machine learning is fascinating.,⠍⠁⠉⠓⠊⠝⠑ ⠇⠑⠁⠗⠝⠊⠝⠛ ⠊⠎ ⠋⠁⠎⠉⠊⠝⠁⠞⠊⠝⠛⠲
Braille is a tactile writing system.,⠃⠗⠁⠊⠇⠇⠑ ⠊⠎ ⠁ ⠞⠁⠉⠞⠊⠇⠑ ⠺⠗⠊⠞⠊⠝⠛ ⠎⠽⠎⠞⠑⠍⠲
I like programming.,⠊ ⠇⠊⠅⠑ ⠏⠗⠕⠛⠗⠁⠍⠍⠊⠝⠛⠲
I like programming.,⠊ ⠇⠊⠅⠑ ⠏⠗⠕⠛⠗⠁⠍⠍⠊⠝⠛⠲
This is a test sentence.,⠞⠓⠊⠎ ⠊⠎ ⠁ ⠞⠑⠎⠞ ⠎⠑⠝⠞⠑⠝⠉⠑⠲
How do you read this?,⠓⠕⠺ ⠙⠕ ⠽⠕⠥ ⠗⠑⠁⠙ ⠞⠓⠊⠎⠦
Accessibility matters.,⠁⠉⠉⠑⠎⠎⠊⠃⠊⠇⠊⠞⠽ ⠍⠁⠞⠞⠑⠗⠎⠲
Python is fun.,⠏⠽⠞⠓⠕⠝ ⠊⠎ ⠋⠥⠝⠲
Machine learning is fascinating.,⠍⠁⠉⠓⠊⠝⠑ ⠇⠑⠁⠗⠝⠊⠝⠛ ⠊⠎ ⠋⠁⠎⠉⠊⠝⠁⠞⠊⠝⠛⠲
I like programming.,⠊ ⠇⠊⠅⠑ ⠏⠗⠕⠛⠗⠁⠍⠍⠊⠝⠛⠲
Accessibility matters.,⠁⠉⠉⠑⠎⠎⠊⠃⠊⠇⠊⠞⠽ ⠍⠁⠞⠞⠑⠗⠎⠲
Hello world.,⠓⠑⠇⠇⠕ ⠺⠕⠗⠇⠙⠲
Hello world.,⠓⠑⠇⠇⠕ ⠺⠕⠗⠇⠙⠲
Machine learning is fascinating.,⠍⠁⠉⠓⠊⠝⠑ ⠇⠑⠁⠗⠝⠊⠝⠛ ⠊⠎ ⠋⠁⠎⠉⠊⠝⠁⠞⠊⠝⠛⠲
Hello world.,⠓⠑⠇⠇⠕ ⠺⠕⠗⠇⠙⠲
This is a test sentence.,⠞⠓⠊⠎ ⠊⠎ ⠁ ⠞⠑⠎⠞ ⠎⠑⠝⠞⠑⠝⠉⠑⠲
Can you understand this text?,⠉⠁⠝ ⠽⠕⠥ ⠥⠝⠙⠑⠗⠎⠞⠁⠝⠙ ⠞⠓⠊⠎ ⠞⠑⠭⠞⠦
Python is fun.,⠏⠽⠞⠓⠕⠝ ⠊⠎ ⠋⠥⠝⠲
Python is fun.,⠏⠽⠞⠓⠕⠝ ⠊⠎ ⠋⠥⠝⠲
This is a test sentence.,⠞⠓⠊⠎ ⠊⠎ ⠁ ⠞⠑⠎⠞ ⠎⠑⠝⠞⠑⠝⠉⠑⠲
Hello world.,⠓⠑⠇⠇⠕ ⠺⠕⠗⠇⠙⠲
Python is fun.,⠏⠽⠞⠓⠕⠝ ⠊⠎ ⠋⠥⠝⠲
Braille is a tactile writing system.,⠃⠗⠁⠊⠇⠇⠑ ⠊⠎ ⠁ ⠞⠁⠉⠞⠊⠇⠑ ⠺⠗⠊⠞⠊⠝⠛ ⠎⠽⠎⠞⠑⠍⠲
Hello world.,⠓⠑⠇⠇⠕ ⠺⠕⠗⠇⠙⠲
Accessibility matters.,⠁⠉⠉⠑⠎⠎⠊⠃⠊⠇⠊⠞⠽ ⠍⠁⠞⠞⠑⠗⠎⠲
Can you understand this text?,⠉⠁⠝ ⠽⠕⠥ ⠥⠝⠙⠑⠗⠎⠞⠁⠝⠙ ⠞⠓⠊⠎ ⠞⠑⠭⠞⠦
Accessibility matters.,⠁⠉⠉⠑⠎⠎⠊⠃⠊⠇⠊⠞⠽ ⠍⠁⠞⠞⠑⠗⠎⠲
Python is fun.,⠏⠽⠞⠓⠕⠝ ⠊⠎ ⠋⠥⠝⠲
Braille is a tactile writing system.,⠃⠗⠁⠊⠇⠇⠑ ⠊⠎ ⠁ ⠞⠁⠉⠞⠊⠇⠑ ⠺⠗⠊⠞⠊⠝⠛ ⠎⠽⠎⠞⠑⠍⠲
Braille is a tactile writing system.,⠃⠗⠁⠊⠇⠇⠑ ⠊⠎ ⠁ ⠞⠁⠉⠞⠊⠇⠑ ⠺⠗⠊⠞⠊⠝⠛ ⠎⠽⠎⠞⠑⠍⠲
Python is fun.,⠏⠽⠞⠓⠕⠝ ⠊⠎ ⠋⠥⠝⠲
This is a test sentence.,⠞⠓⠊⠎ ⠊⠎ ⠁ ⠞⠑⠎⠞ ⠎⠑⠝⠞⠑⠝⠉⠑⠲
I like programming.,⠊ ⠇⠊⠅⠑ ⠏⠗⠕⠛⠗⠁⠍⠍⠊⠝⠛⠲
Hello world.,⠓⠑⠇⠇⠕ ⠺⠕⠗⠇⠙⠲
This is a test sentence.,⠞⠓⠊⠎ ⠊⠎ ⠁ ⠞⠑⠎⠞ ⠎⠑⠝⠞⠑⠝⠉⠑⠲
Can you understand this text?,⠉⠁⠝ ⠽⠕⠥ ⠥⠝⠙⠑⠗⠎⠞⠁⠝⠙ ⠞⠓⠊⠎ ⠞⠑⠭⠞⠦
Braille is a tactile writing system.,⠃⠗⠁⠊⠇⠇⠑ ⠊⠎ ⠁ ⠞⠁⠉⠞⠊⠇⠑ ⠺⠗⠊⠞⠊⠝⠛ ⠎⠽⠎⠞⠑⠍⠲
Hello world.,⠓⠑⠇⠇⠕ ⠺⠕⠗⠇⠙⠲
Accessibility matters.,⠁⠉⠉⠑⠎⠎⠊⠃⠊⠇⠊⠞⠽ ⠍⠁⠞⠞⠑⠗⠎⠲
How do you read this?,⠓⠕⠺ ⠙⠕ ⠽⠕⠥ ⠗⠑⠁⠙ ⠞⠓⠊⠎⠦
Accessibility matters.,⠁⠉⠉⠑⠎⠎⠊⠃⠊⠇⠊⠞⠽ ⠍⠁⠞⠞⠑⠗⠎⠲
Braille is a tactile writing system.,⠃⠗⠁⠊⠇⠇⠑ ⠊⠎ ⠁ ⠞⠁⠉⠞⠊⠇⠑ ⠺⠗⠊⠞⠊⠝⠛ ⠎⠽⠎⠞⠑⠍⠲
Python is fun.,⠏⠽⠞⠓⠕⠝ ⠊⠎ ⠋⠥⠝⠲
How do you read this?,⠓⠕⠺ ⠙⠕ ⠽⠕⠥ ⠗⠑⠁⠙ ⠞⠓⠊⠎⠦
Accessibility matters.,⠁⠉⠉⠑⠎⠎⠊⠃⠊⠇⠊⠞⠽ ⠍⠁⠞⠞⠑⠗⠎⠲
This dataset is synthetic.,⠞⠓⠊⠎ ⠙⠁⠞⠁⠎⠑⠞ ⠊⠎ ⠎⠽⠝⠞⠓⠑⠞⠊⠉⠲
How do you read this?,⠓⠕⠺ ⠙⠕ ⠽⠕⠥ ⠗⠑⠁⠙ ⠞⠓⠊⠎⠦
This dataset is synthetic.,⠞⠓⠊⠎ ⠙⠁⠞⠁⠎⠑⠞ ⠊⠎ ⠎⠽⠝⠞⠓⠑⠞⠊⠉⠲
Machine learning is fascinating.,⠍⠁⠉⠓⠊⠝⠑ ⠇⠑⠁⠗⠝⠊⠝⠛ ⠊⠎ ⠋⠁⠎⠉⠊⠝⠁⠞⠊⠝⠛⠲
This is a test sentence.,⠞⠓⠊⠎ ⠊⠎ ⠁ ⠞⠑⠎⠞ ⠎⠑⠝⠞⠑⠝⠉⠑⠲
How do you read this?,⠓⠕⠺ ⠙⠕ ⠽⠕⠥ ⠗⠑⠁⠙ ⠞⠓⠊⠎⠦
Hello world.,⠓⠑⠇⠇⠕ ⠺⠕⠗⠇⠙⠲
I like programming.,⠊ ⠇⠊⠅⠑ ⠏⠗⠕⠛⠗⠁⠍⠍⠊⠝⠛⠲
Hello world.,⠓⠑⠇⠇⠕ ⠺⠕⠗⠇⠙⠲
Machine learning is fascinating.,⠍⠁⠉⠓⠊⠝⠑ ⠇⠑⠁⠗⠝⠊⠝⠛ ⠊⠎ ⠋⠁⠎⠉⠊⠝⠁⠞⠊⠝⠛⠲
How do you read this?,⠓⠕⠺ ⠙⠕ ⠽⠕⠥ ⠗⠑⠁⠙ ⠞⠓⠊⠎⠦
This is a test sentence.,⠞⠓⠊⠎ ⠊⠎ ⠁ ⠞⠑⠎⠞ ⠎⠑⠝⠞⠑⠝⠉⠑⠲
Braille is a tactile writing system.,⠃⠗⠁⠊⠇⠇⠑ ⠊⠎ ⠁ ⠞⠁⠉⠞⠊⠇⠑ ⠺⠗⠊⠞⠊⠝⠛ ⠎⠽⠎⠞⠑⠍⠲
This is a test sentence.,⠞⠓⠊⠎ ⠊⠎ ⠁ ⠞⠑⠎⠞ ⠎⠑⠝⠞⠑⠝⠉⠑⠲
Braille is a tactile writing system.,⠃⠗⠁⠊⠇⠇⠑ ⠊⠎ ⠁ ⠞⠁⠉⠞⠊⠇⠑ ⠺⠗⠊⠞⠊⠝⠛ ⠎⠽⠎⠞⠑⠍⠲
This dataset is synthetic.,⠞⠓⠊⠎ ⠙⠁⠞⠁⠎⠑⠞ ⠊⠎ ⠎⠽⠝⠞⠓⠑⠞⠊⠉⠲
This dataset is synthetic.,⠞⠓⠊⠎ ⠙⠁⠞⠁⠎⠑⠞ ⠊⠎ ⠎⠽⠝⠞⠓⠑⠞⠊⠉⠲
Accessibility matters.,⠁⠉⠉⠑⠎⠎⠊⠃⠊⠇⠊⠞⠽ ⠍⠁⠞⠞⠑⠗⠎⠲
Can you understand this text?,⠉⠁⠝ ⠽⠕⠥ ⠥⠝⠙⠑⠗⠎⠞⠁⠝⠙ ⠞⠓⠊⠎ ⠞⠑⠭⠞⠦
Braille is a tactile writing system.,⠃⠗⠁⠊⠇⠇⠑ ⠊⠎ ⠁ ⠞⠁⠉⠞⠊⠇⠑ ⠺⠗⠊⠞⠊⠝⠛ ⠎⠽⠎⠞⠑⠍⠲
Accessibility matters.,⠁⠉⠉⠑⠎⠎⠊⠃⠊⠇⠊⠞⠽ ⠍⠁⠞⠞⠑⠗⠎⠲
I like programming.,⠊ ⠇⠊⠅⠑ ⠏⠗⠕⠛⠗⠁⠍⠍⠊⠝⠛⠲
Accessibility matters.,⠁⠉⠉⠑⠎⠎⠊⠃⠊⠇⠊⠞⠽ ⠍⠁⠞⠞⠑⠗⠎⠲
Python is fun.,⠏⠽⠞⠓⠕⠝ ⠊⠎ ⠋⠥⠝⠲
This is a test sentence.,⠞⠓⠊⠎ ⠊⠎ ⠁ ⠞⠑⠎⠞ ⠎⠑⠝⠞⠑⠝⠉⠑⠲
Python is fun.,⠏⠽⠞⠓⠕⠝ ⠊⠎ ⠋⠥⠝⠲
This dataset is synthetic.,⠞⠓⠊⠎ ⠙⠁⠞⠁⠎⠑⠞ ⠊⠎ ⠎⠽⠝⠞⠓⠑⠞⠊⠉⠲
Can you understand this text?,⠉⠁⠝ ⠽⠕⠥ ⠥⠝⠙⠑⠗⠎⠞⠁⠝⠙ ⠞⠓⠊⠎ ⠞⠑⠭⠞⠦
Machine learning is fascinating.,⠍⠁⠉⠓⠊⠝⠑ ⠇⠑⠁⠗⠝⠊⠝⠛ ⠊⠎ ⠋⠁⠎⠉⠊⠝⠁⠞⠊⠝⠛⠲
Python is fun.,⠏⠽⠞⠓⠕⠝ ⠊⠎ ⠋⠥⠝⠲
Accessibility matters.,⠁⠉⠉⠑⠎⠎⠊⠃⠊⠇⠊⠞⠽ ⠍⠁⠞⠞⠑⠗⠎⠲
This is a test sentence.,⠞⠓⠊⠎ ⠊⠎ ⠁ ⠞⠑⠎⠞ ⠎⠑⠝⠞⠑⠝⠉⠑⠲
Machine learning is fascinating.,⠍⠁⠉⠓⠊⠝⠑ ⠇⠑⠁⠗⠝⠊⠝⠛ ⠊⠎ ⠋⠁⠎⠉⠊⠝⠁⠞⠊⠝⠛⠲
Python is fun.,⠏⠽⠞⠓⠕⠝ ⠊⠎ ⠋⠥⠝⠲
How do you read this?,⠓⠕⠺ ⠙⠕ ⠽⠕⠥ ⠗⠑⠁⠙ ⠞⠓⠊⠎⠦
Braille is a tactile writing system.,⠃⠗⠁⠊⠇⠇⠑ ⠊⠎ ⠁ ⠞⠁⠉⠞⠊⠇⠑ ⠺⠗⠊⠞⠊⠝⠛ ⠎⠽⠎⠞⠑⠍⠲
How do you read this?,⠓⠕⠺ ⠙⠕ ⠽⠕⠥ ⠗⠑⠁⠙ ⠞⠓⠊⠎⠦
This is a test sentence.,⠞⠓⠊⠎ ⠊⠎ ⠁ ⠞⠑⠎⠞ ⠎⠑⠝⠞⠑⠝⠉⠑⠲
Braille is a tactile writing system.,⠃⠗⠁⠊⠇⠇⠑ ⠊⠎ ⠁ ⠞⠁⠉⠞⠊⠇⠑ ⠺⠗⠊⠞⠊⠝⠛ ⠎⠽⠎⠞⠑⠍⠲
Machine learning is fascinating.,⠍⠁⠉⠓⠊⠝⠑ ⠇⠑⠁⠗⠝⠊⠝⠛ ⠊⠎ ⠋⠁⠎⠉⠊⠝⠁⠞⠊⠝⠛⠲
Machine learning is fascinating.,⠍⠁⠉⠓⠊⠝⠑ ⠇⠑⠁⠗⠝⠊⠝⠛ ⠊⠎ ⠋⠁⠎⠉⠊⠝⠁⠞⠊⠝⠛⠲
Accessibility matters.,⠁⠉⠉⠑⠎⠎⠊⠃⠊⠇⠊⠞⠽ ⠍⠁⠞⠞⠑⠗⠎⠲
I like programming.,⠊ ⠇⠊⠅⠑ ⠏⠗⠕⠛⠗⠁⠍⠍⠊⠝⠛⠲
This is a test sentence.,⠞⠓⠊⠎ ⠊⠎ ⠁ ⠞⠑⠎⠞ ⠎⠑⠝⠞⠑⠝⠉⠑⠲
Python is fun.,⠏⠽⠞⠓⠕⠝ ⠊⠎ ⠋⠥⠝⠲
How do you read this?,⠓⠕⠺ ⠙⠕ ⠽⠕⠥ ⠗⠑⠁⠙ ⠞⠓⠊⠎⠦
Can you understand this text?,⠉⠁⠝ ⠽⠕⠥ ⠥⠝⠙⠑⠗⠎⠞⠁⠝⠙ ⠞⠓⠊⠎ ⠞⠑⠭⠞⠦
How do you read this?,⠓⠕⠺ ⠙⠕ ⠽⠕⠥ ⠗⠑⠁⠙ ⠞⠓⠊⠎⠦
I like programming.,⠊ ⠇⠊⠅⠑ ⠏⠗⠕⠛⠗⠁⠍⠍⠊⠝⠛⠲
Braille is a tactile writing system.,⠃⠗⠁⠊⠇⠇⠑ ⠊⠎ ⠁ ⠞⠁⠉⠞⠊⠇⠑ ⠺⠗⠊⠞⠊⠝⠛ ⠎⠽⠎⠞⠑⠍⠲
Can you understand this text?,⠉⠁⠝ ⠽⠕⠥ ⠥⠝⠙⠑⠗⠎⠞⠁⠝⠙ ⠞⠓⠊⠎ ⠞⠑⠭⠞⠦
Hello world.,⠓⠑⠇⠇⠕ ⠺⠕⠗⠇⠙⠲
This dataset is synthetic.,⠞⠓⠊⠎ ⠙⠁⠞⠁⠎⠑⠞ ⠊⠎ ⠎⠽⠝⠞⠓⠑⠞⠊⠉⠲
This is a test sentence.,⠞⠓⠊⠎ ⠊⠎ ⠁ ⠞⠑⠎⠞ ⠎⠑⠝⠞⠑⠝⠉⠑⠲
Can you understand this text?,⠉⠁⠝ ⠽⠕⠥ ⠥⠝⠙⠑⠗⠎⠞⠁⠝⠙ ⠞⠓⠊⠎ ⠞⠑⠭⠞⠦
Can you understand this text?,⠉⠁⠝ ⠽⠕⠥ ⠥⠝⠙⠑⠗⠎⠞⠁⠝⠙ ⠞⠓⠊⠎ ⠞⠑⠭⠞⠦
Hello world.,⠓⠑⠇⠇⠕ ⠺⠕⠗⠇⠙⠲
Can you understand this text?,⠉⠁⠝ ⠽⠕⠥ ⠥⠝⠙⠑⠗⠎⠞⠁⠝⠙ ⠞⠓⠊⠎ ⠞⠑⠭⠞⠦
Braille is a tactile writing system.,⠃⠗⠁⠊⠇⠇⠑ ⠊⠎ ⠁ ⠞⠁⠉⠞⠊⠇⠑ ⠺⠗⠊⠞⠊⠝⠛ ⠎⠽⠎⠞⠑⠍⠲
I like programming.,⠊ ⠇⠊⠅⠑ ⠏⠗⠕⠛⠗⠁⠍⠍⠊⠝⠛⠲
Machine learning is fascinating.,⠍⠁⠉⠓⠊⠝⠑ ⠇⠑⠁⠗⠝⠊⠝⠛ ⠊⠎ ⠋⠁⠎⠉⠊⠝⠁⠞⠊⠝⠛⠲
This dataset is synthetic.,⠞⠓⠊⠎ ⠙⠁⠞⠁⠎⠑⠞ ⠊⠎ ⠎⠽⠝⠞⠓⠑⠞⠊⠉⠲
Machine learning is fascinating.,⠍⠁⠉⠓⠊⠝⠑ ⠇⠑⠁⠗⠝⠊⠝⠛ ⠊⠎ ⠋⠁⠎⠉⠊⠝⠁⠞⠊⠝⠛⠲
This dataset is synthetic.,⠞⠓⠊⠎ ⠙⠁⠞⠁⠎⠑⠞ ⠊⠎ ⠎⠽⠝⠞⠓⠑⠞⠊⠉⠲
Hello world.,⠓⠑⠇⠇⠕ ⠺⠕⠗⠇⠙⠲
Can you understand this text?,⠉⠁⠝ ⠽⠕⠥ ⠥⠝⠙⠑⠗⠎⠞⠁⠝⠙ ⠞⠓⠊⠎ ⠞⠑⠭⠞⠦
Braille is a tactile writing system.,⠃⠗⠁⠊⠇⠇⠑ ⠊⠎ ⠁ ⠞⠁⠉⠞⠊⠇⠑ ⠺⠗⠊⠞⠊⠝⠛ ⠎⠽⠎⠞⠑⠍⠲
I like programming.,⠊ ⠇⠊⠅⠑ ⠏⠗⠕⠛⠗⠁⠍⠍⠊⠝⠛⠲
Braille is a tactile writing system.,⠃⠗⠁⠊⠇⠇⠑ ⠊⠎ ⠁ ⠞⠁⠉⠞⠊⠇⠑ ⠺⠗⠊⠞⠊⠝⠛ ⠎⠽⠎⠞⠑⠍⠲
This is a test sentence.,⠞⠓⠊⠎ ⠊⠎ ⠁ ⠞⠑⠎⠞ ⠎⠑⠝⠞⠑⠝⠉⠑⠲
Hello world.,⠓⠑⠇⠇⠕ ⠺⠕⠗⠇⠙⠲
Hello world.,⠓⠑⠇⠇⠕ ⠺⠕⠗⠇⠙⠲
I like programming.,⠊ ⠇⠊⠅⠑ ⠏⠗⠕⠛⠗⠁⠍⠍⠊⠝⠛⠲
Hello world.,⠓⠑⠇⠇⠕ ⠺⠕⠗⠇⠙⠲
Accessibility matters.,⠁⠉⠉⠑⠎⠎⠊⠃⠊⠇⠊⠞⠽ ⠍⠁⠞⠞⠑⠗⠎⠲
This dataset is synthetic.,⠞⠓⠊⠎ ⠙⠁⠞⠁⠎⠑⠞ ⠊⠎ ⠎⠽⠝⠞⠓⠑⠞⠊⠉⠲
This is a test sentence.,⠞⠓⠊⠎ ⠊⠎ ⠁ ⠞⠑⠎⠞ ⠎⠑⠝⠞⠑⠝⠉⠑⠲
How do you read this?,⠓⠕⠺ ⠙⠕ ⠽⠕⠥ ⠗⠑⠁⠙ ⠞⠓⠊⠎⠦
Braille is a tactile writing system.,⠃⠗⠁⠊⠇⠇⠑ ⠊⠎ ⠁ ⠞⠁⠉⠞⠊⠇⠑ ⠺⠗⠊⠞⠊⠝⠛ ⠎⠽⠎⠞⠑⠍⠲
Python is fun.,⠏⠽⠞⠓⠕⠝ ⠊⠎ ⠋⠥⠝⠲
Hello world.,⠓⠑⠇⠇⠕ ⠺⠕⠗⠇⠙⠲
This dataset is synthetic.,⠞⠓⠊⠎ ⠙⠁⠞⠁⠎⠑⠞ ⠊⠎ ⠎⠽⠝⠞⠓⠑⠞⠊⠉⠲
This is a test sentence.,⠞⠓⠊⠎ ⠊⠎ ⠁ ⠞⠑⠎⠞ ⠎⠑⠝⠞⠑⠝⠉⠑⠲
This dataset is synthetic.,⠞⠓⠊⠎ ⠙⠁⠞⠁⠎⠑⠞ ⠊⠎ ⠎⠽⠝⠞⠓⠑⠞⠊⠉⠲
This dataset is synthetic.,⠞⠓⠊⠎ ⠙⠁⠞⠁⠎⠑⠞ ⠊⠎ ⠎⠽⠝⠞⠓⠑⠞⠊⠉⠲
How do you read this?,⠓⠕⠺ ⠙⠕ ⠽⠕⠥ ⠗⠑⠁⠙ ⠞⠓⠊⠎⠦
How do you read this?,⠓⠕⠺ ⠙⠕ ⠽⠕⠥ ⠗⠑⠁⠙ ⠞⠓⠊⠎⠦
Hello world.,⠓⠑⠇⠇⠕ ⠺⠕⠗⠇⠙⠲
Accessibility matters.,⠁⠉⠉⠑⠎⠎⠊⠃⠊⠇⠊⠞⠽ ⠍⠁⠞⠞⠑⠗⠎⠲
Braille is a tactile writing system.,⠃⠗⠁⠊⠇⠇⠑ ⠊⠎ ⠁ ⠞⠁⠉⠞⠊⠇⠑ ⠺⠗⠊⠞⠊⠝⠛ ⠎⠽⠎⠞⠑⠍⠲
Can you understand this text?,⠉⠁⠝ ⠽⠕⠥ ⠥⠝⠙⠑⠗⠎⠞⠁⠝⠙ ⠞⠓⠊⠎ ⠞⠑⠭⠞⠦
Hello world.,⠓⠑⠇⠇⠕ ⠺⠕⠗⠇⠙⠲
Can you understand this text?,⠉⠁⠝ ⠽⠕⠥ ⠥⠝⠙⠑⠗⠎⠞⠁⠝⠙ ⠞⠓⠊⠎ ⠞⠑⠭⠞⠦
Hello world.,⠓⠑⠇⠇⠕ ⠺⠕⠗⠇⠙⠲
This is a test sentence.,⠞⠓⠊⠎ ⠊⠎ ⠁ ⠞⠑⠎⠞ ⠎⠑⠝⠞⠑⠝⠉⠑⠲
Can you understand this text?,⠉⠁⠝ ⠽⠕⠥ ⠥⠝⠙⠑⠗⠎⠞⠁⠝⠙ ⠞⠓⠊⠎ ⠞⠑⠭⠞⠦
Accessibility matters.,⠁⠉⠉⠑⠎⠎⠊⠃⠊⠇⠊⠞⠽ ⠍⠁⠞⠞⠑⠗⠎⠲
Can you understand this text?,⠉⠁⠝ ⠽⠕⠥ ⠥⠝⠙⠑⠗⠎⠞⠁⠝⠙ ⠞⠓⠊⠎ ⠞⠑⠭⠞⠦
Python is fun.,⠏⠽⠞⠓⠕⠝ ⠊⠎ ⠋⠥⠝⠲
Python is fun.,⠏⠽⠞⠓⠕⠝ ⠊⠎ ⠋⠥⠝⠲
Can you understand this text?,⠉⠁⠝ ⠽⠕⠥ ⠥⠝⠙⠑⠗⠎⠞⠁⠝⠙ ⠞⠓⠊⠎ ⠞⠑⠭⠞⠦
I like programming.,⠊ ⠇⠊⠅⠑ ⠏⠗⠕⠛⠗⠁⠍⠍⠊⠝⠛⠲
I like programming.,⠊ ⠇⠊⠅⠑ ⠏⠗⠕⠛⠗⠁⠍⠍⠊⠝⠛⠲
Python is fun.,⠏⠽⠞⠓⠕⠝ ⠊⠎ ⠋⠥⠝⠲
Braille is a tactile writing system.,⠃⠗⠁⠊⠇⠇⠑ ⠊⠎ ⠁ ⠞⠁⠉⠞⠊⠇⠑ ⠺⠗⠊⠞⠊⠝⠛ ⠎⠽⠎⠞⠑⠍⠲
Python is fun.,⠏⠽⠞⠓⠕⠝ ⠊⠎ ⠋⠥⠝⠲
Braille is a tactile writing system.,⠃⠗⠁⠊⠇⠇⠑ ⠊⠎ ⠁ ⠞⠁⠉⠞⠊⠇⠑ ⠺⠗⠊⠞⠊⠝⠛ ⠎⠽⠎⠞⠑⠍⠲
This dataset is synthetic.,⠞⠓⠊⠎ ⠙⠁⠞⠁⠎⠑⠞ ⠊⠎ ⠎⠽⠝⠞⠓⠑⠞⠊⠉⠲
Braille is a tactile writing system.,⠃⠗⠁⠊⠇⠇⠑ ⠊⠎ ⠁ ⠞⠁⠉⠞⠊⠇⠑ ⠺⠗⠊⠞⠊⠝⠛ ⠎⠽⠎⠞⠑⠍⠲
Accessibility matters.,⠁⠉⠉⠑⠎⠎⠊⠃⠊⠇⠊⠞⠽ ⠍⠁⠞⠞⠑⠗⠎⠲
Hello world.,⠓⠑⠇⠇⠕ ⠺⠕⠗⠇⠙⠲
Can you understand this text?,⠉⠁⠝ ⠽⠕⠥ ⠥⠝⠙⠑⠗⠎⠞⠁⠝⠙ ⠞⠓⠊⠎ ⠞⠑⠭⠞⠦
This is a test sentence.,⠞⠓⠊⠎ ⠊⠎ ⠁ ⠞⠑⠎⠞ ⠎⠑⠝⠞⠑⠝⠉⠑⠲
How do you read this?,⠓⠕⠺ ⠙⠕ ⠽⠕⠥ ⠗⠑⠁⠙ ⠞⠓⠊⠎⠦
I like programming.,⠊ ⠇⠊⠅⠑ ⠏⠗⠕⠛⠗⠁⠍⠍⠊⠝⠛⠲
I like programming.,⠊ ⠇⠊⠅⠑ ⠏⠗⠕⠛⠗⠁⠍⠍⠊⠝⠛⠲
Braille is a tactile writing system.,⠃⠗⠁⠊⠇⠇⠑ ⠊⠎ ⠁ ⠞⠁⠉⠞⠊⠇⠑ ⠺⠗⠊⠞⠊⠝⠛ ⠎⠽⠎⠞⠑⠍⠲
Machine learning is fascinating.,⠍⠁⠉⠓⠊⠝⠑ ⠇⠑⠁⠗⠝⠊⠝⠛ ⠊⠎ ⠋⠁⠎⠉⠊⠝⠁⠞⠊⠝⠛⠲
Python is fun.,⠏⠽⠞⠓⠕⠝ ⠊⠎ ⠋⠥⠝⠲
Machine learning is fascinating.,⠍⠁⠉⠓⠊⠝⠑ ⠇⠑⠁⠗⠝⠊⠝⠛ ⠊⠎ ⠋⠁⠎⠉⠊⠝⠁⠞⠊⠝⠛⠲
Braille is a tactile writing system.,⠃⠗⠁⠊⠇⠇⠑ ⠊⠎ ⠁ ⠞⠁⠉⠞⠊⠇⠑ ⠺⠗⠊⠞⠊⠝⠛ ⠎⠽⠎⠞⠑⠍⠲
Can you understand this text?,⠉⠁⠝ ⠽⠕⠥ ⠥⠝⠙⠑⠗⠎⠞⠁⠝⠙ ⠞⠓⠊⠎ ⠞⠑⠭⠞⠦
Hello world.,⠓⠑⠇⠇⠕ ⠺⠕⠗⠇⠙⠲
Can you understand this text?,⠉⠁⠝ ⠽⠕⠥ ⠥⠝⠙⠑⠗⠎⠞⠁⠝⠙ ⠞⠓⠊⠎ ⠞⠑⠭⠞⠦
Accessibility matters.,⠁⠉⠉⠑⠎⠎⠊⠃⠊⠇⠊⠞⠽ ⠍⠁⠞⠞⠑⠗⠎⠲
Braille is a tactile writing system.,⠃⠗⠁⠊⠇⠇⠑ ⠊⠎ ⠁ ⠞⠁⠉⠞⠊⠇⠑ ⠺⠗⠊⠞⠊⠝⠛ ⠎⠽⠎⠞⠑⠍⠲
I like programming.,⠊ ⠇⠊⠅⠑ ⠏⠗⠕⠛⠗⠁⠍⠍⠊⠝⠛⠲
I like programming.,⠊ ⠇⠊⠅⠑ ⠏⠗⠕⠛⠗⠁⠍⠍⠊⠝⠛⠲
Can you understand this text?,⠉⠁⠝ ⠽⠕⠥ ⠥⠝⠙⠑⠗⠎⠞⠁⠝⠙ ⠞⠓⠊⠎ ⠞⠑⠭⠞⠦
Python is fun.,⠏⠽⠞⠓⠕⠝ ⠊⠎ ⠋⠥⠝⠲
Accessibility matters.,⠁⠉⠉⠑⠎⠎⠊⠃⠊⠇⠊⠞⠽ ⠍⠁⠞⠞⠑⠗⠎⠲
I like programming.,⠊ ⠇⠊⠅⠑ ⠏⠗⠕⠛⠗⠁⠍⠍⠊⠝⠛⠲
Accessibility matters.,⠁⠉⠉⠑⠎⠎⠊⠃⠊⠇⠊⠞⠽ ⠍⠁⠞⠞⠑⠗⠎⠲
Python is fun.,⠏⠽⠞⠓⠕⠝ ⠊⠎ ⠋⠥⠝⠲
Python is fun.,⠏⠽⠞⠓⠕⠝ ⠊⠎ ⠋⠥⠝⠲
This dataset is synthetic.,⠞⠓⠊⠎ ⠙⠁⠞⠁⠎⠑⠞ ⠊⠎ ⠎⠽⠝⠞⠓⠑⠞⠊⠉⠲
I like programming.,⠊ ⠇⠊⠅⠑ ⠏⠗⠕⠛⠗⠁⠍⠍⠊⠝⠛⠲
Can you understand this text?,⠉⠁⠝ ⠽⠕⠥ ⠥⠝⠙⠑⠗⠎⠞⠁⠝⠙ ⠞⠓⠊⠎ ⠞⠑⠭⠞⠦
Accessibility matters.,⠁⠉⠉⠑⠎⠎⠊⠃⠊⠇⠊⠞⠽ ⠍⠁⠞⠞⠑⠗⠎⠲
How do you read this?,⠓⠕⠺ ⠙⠕ ⠽⠕⠥ ⠗⠑⠁⠙ ⠞⠓⠊⠎⠦
I like programming.,⠊ ⠇⠊⠅⠑ ⠏⠗⠕⠛⠗⠁⠍⠍⠊⠝⠛⠲
How do you read this?,⠓⠕⠺ ⠙⠕ ⠽⠕⠥ ⠗⠑⠁⠙ ⠞⠓⠊⠎⠦
This is a test sentence.,⠞⠓⠊⠎ ⠊⠎ ⠁ ⠞⠑⠎⠞ ⠎⠑⠝⠞⠑⠝⠉⠑⠲
This dataset is synthetic.,⠞⠓⠊⠎ ⠙⠁⠞⠁⠎⠑⠞ ⠊⠎ ⠎⠽⠝⠞⠓⠑⠞⠊⠉⠲
Braille is a tactile writing system.,⠃⠗⠁⠊⠇⠇⠑ ⠊⠎ ⠁ ⠞⠁⠉⠞⠊⠇⠑ ⠺⠗⠊⠞⠊⠝⠛ ⠎⠽⠎⠞⠑⠍⠲
How do you read this?,⠓⠕⠺ ⠙⠕ ⠽⠕⠥ ⠗⠑⠁⠙ ⠞⠓⠊⠎⠦
How do you read this?,⠓⠕⠺ ⠙⠕ ⠽⠕⠥ ⠗⠑⠁⠙ ⠞⠓⠊⠎⠦
Python is fun.,⠏⠽⠞⠓⠕⠝ ⠊⠎ ⠋⠥⠝⠲
I like programming.,⠊ ⠇⠊⠅⠑ ⠏⠗⠕⠛⠗⠁⠍⠍⠊⠝⠛⠲
Can you understand this text?,⠉⠁⠝ ⠽⠕⠥ ⠥⠝⠙⠑⠗⠎⠞⠁⠝⠙ ⠞⠓⠊⠎ ⠞⠑⠭⠞⠦
I like programming.,⠊ ⠇⠊⠅⠑ ⠏⠗⠕⠛⠗⠁⠍⠍⠊⠝⠛⠲
Python is fun.,⠏⠽⠞⠓⠕⠝ ⠊⠎ ⠋⠥⠝⠲
This is a test sentence.,⠞⠓⠊⠎ ⠊⠎ ⠁ ⠞⠑⠎⠞ ⠎⠑⠝⠞⠑⠝⠉⠑⠲
Accessibility matters.,⠁⠉⠉⠑⠎⠎⠊⠃⠊⠇⠊⠞⠽ ⠍⠁⠞⠞⠑⠗⠎⠲
How do you read this?,⠓⠕⠺ ⠙⠕ ⠽⠕⠥ ⠗⠑⠁⠙ ⠞⠓⠊⠎⠦
Braille is a tactile writing system.,⠃⠗⠁⠊⠇⠇⠑ ⠊⠎ ⠁ ⠞⠁⠉⠞⠊⠇⠑ ⠺⠗⠊⠞⠊⠝⠛ ⠎⠽⠎⠞⠑⠍⠲
Machine learning is fascinating.,⠍⠁⠉⠓⠊⠝⠑ ⠇⠑⠁⠗⠝⠊⠝⠛ ⠊⠎ ⠋⠁⠎⠉⠊⠝⠁⠞⠊⠝⠛⠲
Braille is a tactile writing system.,⠃⠗⠁⠊⠇⠇⠑ ⠊⠎ ⠁ ⠞⠁⠉⠞⠊⠇⠑ ⠺⠗⠊⠞⠊⠝⠛ ⠎⠽⠎⠞⠑⠍⠲
Hello world.,⠓⠑⠇⠇⠕ ⠺⠕⠗⠇⠙⠲
Hello world.,⠓⠑⠇⠇⠕ ⠺⠕⠗⠇⠙⠲
Python is fun.,⠏⠽⠞⠓⠕⠝ ⠊⠎ ⠋⠥⠝⠲
I like programming.,⠊ ⠇⠊⠅⠑ ⠏⠗⠕⠛⠗⠁⠍⠍⠊⠝⠛⠲
This dataset is synthetic.,⠞⠓⠊⠎ ⠙⠁⠞⠁⠎⠑⠞ ⠊⠎ ⠎⠽⠝⠞⠓⠑⠞⠊⠉⠲
Machine learning is fascinating.,⠍⠁⠉⠓⠊⠝⠑ ⠇⠑⠁⠗⠝⠊⠝⠛ ⠊⠎ ⠋⠁⠎⠉⠊⠝⠁⠞⠊⠝⠛⠲
How do you read this?,⠓⠕⠺ ⠙⠕ ⠽⠕⠥ ⠗⠑⠁⠙ ⠞⠓⠊⠎⠦
Can you understand this text?,⠉⠁⠝ ⠽⠕⠥ ⠥⠝⠙⠑⠗⠎⠞⠁⠝⠙ ⠞⠓⠊⠎ ⠞⠑⠭⠞⠦
Python is fun.,⠏⠽⠞⠓⠕⠝ ⠊⠎ ⠋⠥⠝⠲
This is a test sentence.,⠞⠓⠊⠎ ⠊⠎ ⠁ ⠞⠑⠎⠞ ⠎⠑⠝⠞⠑⠝⠉⠑⠲
How do you read this?,⠓⠕⠺ ⠙⠕ ⠽⠕⠥ ⠗⠑⠁⠙ ⠞⠓⠊⠎⠦
Accessibility matters.,⠁⠉⠉⠑⠎⠎⠊⠃⠊⠇⠊⠞⠽ ⠍⠁⠞⠞⠑⠗⠎⠲
Can you understand this text?,⠉⠁⠝ ⠽⠕⠥ ⠥⠝⠙⠑⠗⠎⠞⠁⠝⠙ ⠞⠓⠊⠎ ⠞⠑⠭⠞⠦
This is a test sentence.,⠞⠓⠊⠎ ⠊⠎ ⠁ ⠞⠑⠎⠞ ⠎⠑⠝⠞⠑⠝⠉⠑⠲
Can you understand this text?,⠉⠁⠝ ⠽⠕⠥ ⠥⠝⠙⠑⠗⠎⠞⠁⠝⠙ ⠞⠓⠊⠎ ⠞⠑⠭⠞⠦
I like programming.,⠊ ⠇⠊⠅⠑ ⠏⠗⠕⠛⠗⠁⠍⠍⠊⠝⠛⠲
Accessibility matters.,⠁⠉⠉⠑⠎⠎⠊⠃⠊⠇⠊⠞⠽ ⠍⠁⠞⠞⠑⠗⠎⠲
How do you read this?,⠓⠕⠺ ⠙⠕ ⠽⠕⠥ ⠗⠑⠁⠙ ⠞⠓⠊⠎⠦
Braille is a tactile writing system.,⠃⠗⠁⠊⠇⠇⠑ ⠊⠎ ⠁ ⠞⠁⠉⠞⠊⠇⠑ ⠺⠗⠊⠞⠊⠝⠛ ⠎⠽⠎⠞⠑⠍⠲
Braille is a tactile writing system.,⠃⠗⠁⠊⠇⠇⠑ ⠊⠎ ⠁ ⠞⠁⠉⠞⠊⠇⠑ ⠺⠗⠊⠞⠊⠝⠛ ⠎⠽⠎⠞⠑⠍⠲
Can you understand this text?,⠉⠁⠝ ⠽⠕⠥ ⠥⠝⠙⠑⠗⠎⠞⠁⠝⠙ ⠞⠓⠊⠎ ⠞⠑⠭⠞⠦
Machine learning is fascinating.,⠍⠁⠉⠓⠊⠝⠑ ⠇⠑⠁⠗⠝⠊⠝⠛ ⠊⠎ ⠋⠁⠎⠉⠊⠝⠁⠞⠊⠝⠛⠲
How do you read this?,⠓⠕⠺ ⠙⠕ ⠽⠕⠥ ⠗⠑⠁⠙ ⠞⠓⠊⠎⠦
How do you read this?,⠓⠕⠺ ⠙⠕ ⠽⠕⠥ ⠗⠑⠁⠙ ⠞⠓⠊⠎⠦
Python is fun.,⠏⠽⠞⠓⠕⠝ ⠊⠎ ⠋⠥⠝⠲
Accessibility matters.,⠁⠉⠉⠑⠎⠎⠊⠃⠊⠇⠊⠞⠽ ⠍⠁⠞⠞⠑⠗⠎⠲
Braille is a tactile writing system.,⠃⠗⠁⠊⠇⠇⠑ ⠊⠎ ⠁ ⠞⠁⠉⠞⠊⠇⠑ ⠺⠗⠊⠞⠊⠝⠛ ⠎⠽⠎⠞⠑⠍⠲
This is a test sentence.,⠞⠓⠊⠎ ⠊⠎ ⠁ ⠞⠑⠎⠞ ⠎⠑⠝⠞⠑⠝⠉⠑⠲
How do you read this?,⠓⠕⠺ ⠙⠕ ⠽⠕⠥ ⠗⠑⠁⠙ ⠞⠓⠊⠎⠦
Accessibility matters.,⠁⠉⠉⠑⠎⠎⠊⠃⠊⠇⠊⠞⠽ ⠍⠁⠞⠞⠑⠗⠎⠲
Hello world.,⠓⠑⠇⠇⠕ ⠺⠕⠗⠇⠙⠲
Accessibility matters.,⠁⠉⠉⠑⠎⠎⠊⠃⠊⠇⠊⠞⠽ ⠍⠁⠞⠞⠑⠗⠎⠲
This dataset is synthetic.,⠞⠓⠊⠎ ⠙⠁⠞⠁⠎⠑⠞ ⠊⠎ ⠎⠽⠝⠞⠓⠑⠞⠊⠉⠲
This is a test sentence.,⠞⠓⠊⠎ ⠊⠎ ⠁ ⠞⠑⠎⠞ ⠎⠑⠝⠞⠑⠝⠉⠑⠲
How do you read this?,⠓⠕⠺ ⠙⠕ ⠽⠕⠥ ⠗⠑⠁⠙ ⠞⠓⠊⠎⠦
I like programming.,⠊ ⠇⠊⠅⠑ ⠏⠗⠕⠛⠗⠁⠍⠍⠊⠝⠛⠲
This is a test sentence.,⠞⠓⠊⠎ ⠊⠎ ⠁ ⠞⠑⠎⠞ ⠎⠑⠝⠞⠑⠝⠉⠑⠲
Can you understand this text?,⠉⠁⠝ ⠽⠕⠥ ⠥⠝⠙⠑⠗⠎⠞⠁⠝⠙ ⠞⠓⠊⠎ ⠞⠑⠭⠞⠦
Machine learning is fascinating.,⠍⠁⠉⠓⠊⠝⠑ ⠇⠑⠁⠗⠝⠊⠝⠛ ⠊⠎ ⠋⠁⠎⠉⠊⠝⠁⠞⠊⠝⠛⠲
This is a test sentence.,⠞⠓⠊⠎ ⠊⠎ ⠁ ⠞⠑⠎⠞ ⠎⠑⠝⠞⠑⠝⠉⠑⠲
How do you read this?,⠓⠕⠺ ⠙⠕ ⠽⠕⠥ ⠗⠑⠁⠙ ⠞⠓⠊⠎⠦
This dataset is synthetic.,⠞⠓⠊⠎ ⠙⠁⠞⠁⠎⠑⠞ ⠊⠎ ⠎⠽⠝⠞⠓⠑⠞⠊⠉⠲
Accessibility matters.,⠁⠉⠉⠑⠎⠎⠊⠃⠊⠇⠊⠞⠽ ⠍⠁⠞⠞⠑⠗⠎⠲
Hello world.,⠓⠑⠇⠇⠕ ⠺⠕⠗⠇⠙⠲
Braille is a tactile writing system.,⠃⠗⠁⠊⠇⠇⠑ ⠊⠎ ⠁ ⠞⠁⠉⠞⠊⠇⠑ ⠺⠗⠊⠞⠊⠝⠛ ⠎⠽⠎⠞⠑⠍⠲
Python is fun.,⠏⠽⠞⠓⠕⠝ ⠊⠎ ⠋⠥⠝⠲
Hello world.,⠓⠑⠇⠇⠕ ⠺⠕⠗⠇⠙⠲
Can you understand this text?,⠉⠁⠝ ⠽⠕⠥ ⠥⠝⠙⠑⠗⠎⠞⠁⠝⠙ ⠞⠓⠊⠎ ⠞⠑⠭⠞⠦
I like programming.,⠊ ⠇⠊⠅⠑ ⠏⠗⠕⠛⠗⠁⠍⠍⠊⠝⠛⠲
Machine learning is fascinating.,⠍⠁⠉⠓⠊⠝⠑ ⠇⠑⠁⠗⠝⠊⠝⠛ ⠊⠎ ⠋⠁⠎⠉⠊⠝⠁⠞⠊⠝⠛⠲
This is a test sentence.,⠞⠓⠊⠎ ⠊⠎ ⠁ ⠞⠑⠎⠞ ⠎⠑⠝⠞⠑⠝⠉⠑⠲
Hello world.,⠓⠑⠇⠇⠕ ⠺⠕⠗⠇⠙⠲
Python is fun.,⠏⠽⠞⠓⠕⠝ ⠊⠎ ⠋⠥⠝⠲
Braille is a tactile writing system.,⠃⠗⠁⠊⠇⠇⠑ ⠊⠎ ⠁ ⠞⠁⠉⠞⠊⠇⠑ ⠺⠗⠊⠞⠊⠝⠛ ⠎⠽⠎⠞⠑⠍⠲
Can you understand this text?,⠉⠁⠝ ⠽⠕⠥ ⠥⠝⠙⠑⠗⠎⠞⠁⠝⠙ ⠞⠓⠊⠎ ⠞⠑⠭⠞⠦
How do you read this?,⠓⠕⠺ ⠙⠕ ⠽⠕⠥ ⠗⠑⠁⠙ ⠞⠓⠊⠎⠦
Python is fun.,⠏⠽⠞⠓⠕⠝ ⠊⠎ ⠋⠥⠝⠲
This dataset is synthetic.,⠞⠓⠊⠎ ⠙⠁⠞⠁⠎⠑⠞ ⠊⠎ ⠎⠽⠝⠞⠓⠑⠞⠊⠉⠲
This is a test sentence.,⠞⠓⠊⠎ ⠊⠎ ⠁ ⠞⠑⠎⠞ ⠎⠑⠝⠞⠑⠝⠉⠑⠲
I like programming.,⠊ ⠇⠊⠅⠑ ⠏⠗⠕⠛⠗⠁⠍⠍⠊⠝⠛⠲
How do you read this?,⠓⠕⠺ ⠙⠕ ⠽⠕⠥ ⠗⠑⠁⠙ ⠞⠓⠊⠎⠦
Machine learning is fascinating.,⠍⠁⠉⠓⠊⠝⠑ ⠇⠑⠁⠗⠝⠊⠝⠛ ⠊⠎ ⠋⠁⠎⠉⠊⠝⠁⠞⠊⠝⠛⠲
Machine learning is fascinating.,⠍⠁⠉⠓⠊⠝⠑ ⠇⠑⠁⠗⠝⠊⠝⠛ ⠊⠎ ⠋⠁⠎⠉⠊⠝⠁⠞⠊⠝⠛⠲
Braille is a tactile writing system.,⠃⠗⠁⠊⠇⠇⠑ ⠊⠎ ⠁ ⠞⠁⠉⠞⠊⠇⠑ ⠺⠗⠊⠞⠊⠝⠛ ⠎⠽⠎⠞⠑⠍⠲
Accessibility matters.,⠁⠉⠉⠑⠎⠎⠊⠃⠊⠇⠊⠞⠽ ⠍⠁⠞⠞⠑⠗⠎⠲
How do you read this?,⠓⠕⠺ ⠙⠕ ⠽⠕⠥ ⠗⠑⠁⠙ ⠞⠓⠊⠎⠦
I like programming.,⠊ ⠇⠊⠅⠑ ⠏⠗⠕⠛⠗⠁⠍⠍⠊⠝⠛⠲
Can you understand this text?,⠉⠁⠝ ⠽⠕⠥ ⠥⠝⠙⠑⠗⠎⠞⠁⠝⠙ ⠞⠓⠊⠎ ⠞⠑⠭⠞⠦
Hello world.,⠓⠑⠇⠇⠕ ⠺⠕⠗⠇⠙⠲
Hello world.,⠓⠑⠇⠇⠕ ⠺⠕⠗⠇⠙⠲
Braille is a tactile writing system.,⠃⠗⠁⠊⠇⠇⠑ ⠊⠎ ⠁ ⠞⠁⠉⠞⠊⠇⠑ ⠺⠗⠊⠞⠊⠝⠛ ⠎⠽⠎⠞⠑⠍⠲
Hello world.,⠓⠑⠇⠇⠕ ⠺⠕⠗⠇⠙⠲
This is a test sentence.,⠞⠓⠊⠎ ⠊⠎ ⠁ ⠞⠑⠎⠞ ⠎⠑⠝⠞⠑⠝⠉⠑⠲
This is a test sentence.,⠞⠓⠊⠎ ⠊⠎ ⠁ ⠞⠑⠎⠞ ⠎⠑⠝⠞⠑⠝⠉⠑⠲
Python is fun.,⠏⠽⠞⠓⠕⠝ ⠊⠎ ⠋⠥⠝⠲
Python is fun.,⠏⠽⠞⠓⠕⠝ ⠊⠎ ⠋⠥⠝⠲
Machine learning is fascinating.,⠍⠁⠉⠓⠊⠝⠑ ⠇⠑⠁⠗⠝⠊⠝⠛ ⠊⠎ ⠋⠁⠎⠉⠊⠝⠁⠞⠊⠝⠛⠲
Hello world.,⠓⠑⠇⠇⠕ ⠺⠕⠗⠇⠙⠲
Can you understand this text?,⠉⠁⠝ ⠽⠕⠥ ⠥⠝⠙⠑⠗⠎⠞⠁⠝⠙ ⠞⠓⠊⠎ ⠞⠑⠭⠞⠦
Accessibility matters.,⠁⠉⠉⠑⠎⠎⠊⠃⠊⠇⠊⠞⠽ ⠍⠁⠞⠞⠑⠗⠎⠲
Can you understand this text?,⠉⠁⠝ ⠽⠕⠥ ⠥⠝⠙⠑⠗⠎⠞⠁⠝⠙ ⠞⠓⠊⠎ ⠞⠑⠭⠞⠦
Accessibility matters.,⠁⠉⠉⠑⠎⠎⠊⠃⠊⠇⠊⠞⠽ ⠍⠁⠞⠞⠑⠗⠎⠲
Can you understand this text?,⠉⠁⠝ ⠽⠕⠥ ⠥⠝⠙⠑⠗⠎⠞⠁⠝⠙ ⠞⠓⠊⠎ ⠞⠑⠭⠞⠦
Can you understand this text?,⠉⠁⠝ ⠽⠕⠥ ⠥⠝⠙⠑⠗⠎⠞⠁⠝⠙ ⠞⠓⠊⠎ ⠞⠑⠭⠞⠦
Can you understand this text?,⠉⠁⠝ ⠽⠕⠥ ⠥⠝⠙⠑⠗⠎⠞⠁⠝⠙ ⠞⠓⠊⠎ ⠞⠑⠭⠞⠦
Machine learning is fascinating.,⠍⠁⠉⠓⠊⠝⠑ ⠇⠑⠁⠗⠝⠊⠝⠛ ⠊⠎ ⠋⠁⠎⠉⠊⠝⠁⠞⠊⠝⠛⠲
Hello world.,⠓⠑⠇⠇⠕ ⠺⠕⠗⠇⠙⠲
Braille is a tactile writing system.,⠃⠗⠁⠊⠇⠇⠑ ⠊⠎ ⠁ ⠞⠁⠉⠞⠊⠇⠑ ⠺⠗⠊⠞⠊⠝⠛ ⠎⠽⠎⠞⠑⠍⠲
How do you read this?,⠓⠕⠺ ⠙⠕ ⠽⠕⠥ ⠗⠑⠁⠙ ⠞⠓⠊⠎⠦
How do you read this?,⠓⠕⠺ ⠙⠕ ⠽⠕⠥ ⠗⠑⠁⠙ ⠞⠓⠊⠎⠦
Machine learning is fascinating.,⠍⠁⠉⠓⠊⠝⠑ ⠇⠑⠁⠗⠝⠊⠝⠛ ⠊⠎ ⠋⠁⠎⠉⠊⠝⠁⠞⠊⠝⠛⠲
Can you understand this text?,⠉⠁⠝ ⠽⠕⠥ ⠥⠝⠙⠑⠗⠎⠞⠁⠝⠙ ⠞⠓⠊⠎ ⠞⠑⠭⠞⠦
I like programming.,⠊ ⠇⠊⠅⠑ ⠏⠗⠕⠛⠗⠁⠍⠍⠊⠝⠛⠲
Hello world.,⠓⠑⠇⠇⠕ ⠺⠕⠗⠇⠙⠲
Machine learning is fascinating.,⠍⠁⠉⠓⠊⠝⠑ ⠇⠑⠁⠗⠝⠊⠝⠛ ⠊⠎ ⠋⠁⠎⠉⠊⠝⠁⠞⠊⠝⠛⠲
Hello world.,⠓⠑⠇⠇⠕ ⠺⠕⠗⠇⠙⠲
Can you understand this text?,⠉⠁⠝ ⠽⠕⠥ ⠥⠝⠙⠑⠗⠎⠞⠁⠝⠙ ⠞⠓⠊⠎ ⠞⠑⠭⠞⠦
This dataset is synthetic.,⠞⠓⠊⠎ ⠙⠁⠞⠁⠎⠑⠞ ⠊⠎ ⠎⠽⠝⠞⠓⠑⠞⠊⠉⠲
Machine learning is fascinating.,⠍⠁⠉⠓⠊⠝⠑ ⠇⠑⠁⠗⠝⠊⠝⠛ ⠊⠎ ⠋⠁⠎⠉⠊⠝⠁⠞⠊⠝⠛⠲
Hello world.,⠓⠑⠇⠇⠕ ⠺⠕⠗⠇⠙⠲
This is a test sentence.,⠞⠓⠊⠎ ⠊⠎ ⠁ ⠞⠑⠎⠞ ⠎⠑⠝⠞⠑⠝⠉⠑⠲
Accessibility matters.,⠁⠉⠉⠑⠎⠎⠊⠃⠊⠇⠊⠞⠽ ⠍⠁⠞⠞⠑⠗⠎⠲
Can you understand this text?,⠉⠁⠝ ⠽⠕⠥ ⠥⠝⠙⠑⠗⠎⠞⠁⠝⠙ ⠞⠓⠊⠎ ⠞⠑⠭⠞⠦
I like programming.,⠊ ⠇⠊⠅⠑ ⠏⠗⠕⠛⠗⠁⠍⠍⠊⠝⠛⠲
Hello world.,⠓⠑⠇⠇⠕ ⠺⠕⠗⠇⠙⠲
This is a test sentence.,⠞⠓⠊⠎ ⠊⠎ ⠁ ⠞⠑⠎⠞ ⠎⠑⠝⠞⠑⠝⠉⠑⠲
This is a test sentence.,⠞⠓⠊⠎ ⠊⠎ ⠁ ⠞⠑⠎⠞ ⠎⠑⠝⠞⠑⠝⠉⠑⠲
This dataset is synthetic.,⠞⠓⠊⠎ ⠙⠁⠞⠁⠎⠑⠞ ⠊⠎ ⠎⠽⠝⠞⠓⠑⠞⠊⠉⠲
Braille is a tactile writing system.,⠃⠗⠁⠊⠇⠇⠑ ⠊⠎ ⠁ ⠞⠁⠉⠞⠊⠇⠑ ⠺⠗⠊⠞⠊⠝⠛ ⠎⠽⠎⠞⠑⠍⠲
I like programming.,⠊ ⠇⠊⠅⠑ ⠏⠗⠕⠛⠗⠁⠍⠍⠊⠝⠛⠲
Braille is a tactile writing system.,⠃⠗⠁⠊⠇⠇⠑ ⠊⠎ ⠁ ⠞⠁⠉⠞⠊⠇⠑ ⠺⠗⠊⠞⠊⠝⠛ ⠎⠽⠎⠞⠑⠍⠲
Can you understand this text?,⠉⠁⠝ ⠽⠕⠥ ⠥⠝⠙⠑⠗⠎⠞⠁⠝⠙ ⠞⠓⠊⠎ ⠞⠑⠭⠞⠦
Braille is a tactile writing system.,⠃⠗⠁⠊⠇⠇⠑ ⠊⠎ ⠁ ⠞⠁⠉⠞⠊⠇⠑ ⠺⠗⠊⠞⠊⠝⠛ ⠎⠽⠎⠞⠑⠍⠲
This dataset is synthetic.,⠞⠓⠊⠎ ⠙⠁⠞⠁⠎⠑⠞ ⠊⠎ ⠎⠽⠝⠞⠓⠑⠞⠊⠉⠲
Can you understand this text?,⠉⠁⠝ ⠽⠕⠥ ⠥⠝⠙⠑⠗⠎⠞⠁⠝⠙ ⠞⠓⠊⠎ ⠞⠑⠭⠞⠦
Hello world.,⠓⠑⠇⠇⠕ ⠺⠕⠗⠇⠙⠲
Braille is a tactile writing system.,⠃⠗⠁⠊⠇⠇⠑ ⠊⠎ ⠁ ⠞⠁⠉⠞⠊⠇⠑ ⠺⠗⠊⠞⠊⠝⠛ ⠎⠽⠎⠞⠑⠍⠲
This is a test sentence.,⠞⠓⠊⠎ ⠊⠎ ⠁ ⠞⠑⠎⠞ ⠎⠑⠝⠞⠑⠝⠉⠑⠲
Python is fun.,⠏⠽⠞⠓⠕⠝ ⠊⠎ ⠋⠥⠝⠲
How do you read this?,⠓⠕⠺ ⠙⠕ ⠽⠕⠥ ⠗⠑⠁⠙ ⠞⠓⠊⠎⠦
Hello world.,⠓⠑⠇⠇⠕ ⠺⠕⠗⠇⠙⠲
This is a test sentence.,⠞⠓⠊⠎ ⠊⠎ ⠁ ⠞⠑⠎⠞ ⠎⠑⠝⠞⠑⠝⠉⠑⠲
Accessibility matters.,⠁⠉⠉⠑⠎⠎⠊⠃⠊⠇⠊⠞⠽ ⠍⠁⠞⠞⠑⠗⠎⠲
I like programming.,⠊ ⠇⠊⠅⠑ ⠏⠗⠕⠛⠗⠁⠍⠍⠊⠝⠛⠲
This dataset is synthetic.,⠞⠓⠊⠎ ⠙⠁⠞⠁⠎⠑⠞ ⠊⠎ ⠎⠽⠝⠞⠓⠑⠞⠊⠉⠲
Python is fun.,⠏⠽⠞⠓⠕⠝ ⠊⠎ ⠋⠥⠝⠲
How do you read this?,⠓⠕⠺ ⠙⠕ ⠽⠕⠥ ⠗⠑⠁⠙ ⠞⠓⠊⠎⠦
How do you read this?,⠓⠕⠺ ⠙⠕ ⠽⠕⠥ ⠗⠑⠁⠙ ⠞⠓⠊⠎⠦
Hello world.,⠓⠑⠇⠇⠕ ⠺⠕⠗⠇⠙⠲
Python is fun.,⠏⠽⠞⠓⠕⠝ ⠊⠎ ⠋⠥⠝⠲
Hello world.,⠓⠑⠇⠇⠕ ⠺⠕⠗⠇⠙⠲
Braille is a tactile writing system.,⠃⠗⠁⠊⠇⠇⠑ ⠊⠎ ⠁ ⠞⠁⠉⠞⠊⠇⠑ ⠺⠗⠊⠞⠊⠝⠛ ⠎⠽⠎⠞⠑⠍⠲
Python is fun.,⠏⠽⠞⠓⠕⠝ ⠊⠎ ⠋⠥⠝⠲
This dataset is synthetic.,⠞⠓⠊⠎ ⠙⠁⠞⠁⠎⠑⠞ ⠊⠎ ⠎⠽⠝⠞⠓⠑⠞⠊⠉⠲
This is a test sentence.,⠞⠓⠊⠎ ⠊⠎ ⠁ ⠞⠑⠎⠞ ⠎⠑⠝⠞⠑⠝⠉⠑⠲
Machine learning is fascinating.,⠍⠁⠉⠓⠊⠝⠑ ⠇⠑⠁⠗⠝⠊⠝⠛ ⠊⠎ ⠋⠁⠎⠉⠊⠝⠁⠞⠊⠝⠛⠲
Python is fun.,⠏⠽⠞⠓⠕⠝ ⠊⠎ ⠋⠥⠝⠲
Machine learning is fascinating.,⠍⠁⠉⠓⠊⠝⠑ ⠇⠑⠁⠗⠝⠊⠝⠛ ⠊⠎ ⠋⠁⠎⠉⠊⠝⠁⠞⠊⠝⠛⠲
How do you read this?,⠓⠕⠺ ⠙⠕ ⠽⠕⠥ ⠗⠑⠁⠙ ⠞⠓⠊⠎⠦
Machine learning is fascinating.,⠍⠁⠉⠓⠊⠝⠑ ⠇⠑⠁⠗⠝⠊⠝⠛ ⠊⠎ ⠋⠁⠎⠉⠊⠝⠁⠞⠊⠝⠛⠲
Braille is a tactile writing system.,⠃⠗⠁⠊⠇⠇⠑ ⠊⠎ ⠁ ⠞⠁⠉⠞⠊⠇⠑ ⠺⠗⠊⠞⠊⠝⠛ ⠎⠽⠎⠞⠑⠍⠲
I like programming.,⠊ ⠇⠊⠅⠑ ⠏⠗⠕⠛⠗⠁⠍⠍⠊⠝⠛⠲
Python is fun.,⠏⠽⠞⠓⠕⠝ ⠊⠎ ⠋⠥⠝⠲
This is a test sentence.,⠞⠓⠊⠎ ⠊⠎ ⠁ ⠞⠑⠎⠞ ⠎⠑⠝⠞⠑⠝⠉⠑⠲
Hello world.,⠓⠑⠇⠇⠕ ⠺⠕⠗⠇⠙⠲
This dataset is synthetic.,⠞⠓⠊⠎ ⠙⠁⠞⠁⠎⠑⠞ ⠊⠎ ⠎⠽⠝⠞⠓⠑⠞⠊⠉⠲
Braille is a tactile writing system.,⠃⠗⠁⠊⠇⠇⠑ ⠊⠎ ⠁ ⠞⠁⠉⠞⠊⠇⠑ ⠺⠗⠊⠞⠊⠝⠛ ⠎⠽⠎⠞⠑⠍⠲
This dataset is synthetic.,⠞⠓⠊⠎ ⠙⠁⠞⠁⠎⠑⠞ ⠊⠎ ⠎⠽⠝⠞⠓⠑⠞⠊⠉⠲
I like programming.,⠊ ⠇⠊⠅⠑ ⠏⠗⠕⠛⠗⠁⠍⠍⠊⠝⠛⠲
Machine learning is fascinating.,⠍⠁⠉⠓⠊⠝⠑ ⠇⠑⠁⠗⠝⠊⠝⠛ ⠊⠎ ⠋⠁⠎⠉⠊⠝⠁⠞⠊⠝⠛⠲
I like programming.,⠊ ⠇⠊⠅⠑ ⠏⠗⠕⠛⠗⠁⠍⠍⠊⠝⠛⠲
Machine learning is fascinating.,⠍⠁⠉⠓⠊⠝⠑ ⠇⠑⠁⠗⠝⠊⠝⠛ ⠊⠎ ⠋⠁⠎⠉⠊⠝⠁⠞⠊⠝⠛⠲
Braille is a tactile writing system.,⠃⠗⠁⠊⠇⠇⠑ ⠊⠎ ⠁ ⠞⠁⠉⠞⠊⠇⠑ ⠺⠗⠊⠞⠊⠝⠛ ⠎⠽⠎⠞⠑⠍⠲
